epoch,step,recon_loss,lr
1,10,0.6056601315736772,3.8000000000000017e-06
1,20,0.19571582265198229,5.600000000000002e-06
1,30,0.09305447023361921,7.400000000000004e-06
1,40,0.06124511947855353,9.200000000000003e-06
1,50,0.04143632897175849,1.1000000000000003e-05
1,60,0.03175950087606907,1.2800000000000003e-05
1,70,0.023717606626451015,1.4600000000000004e-05
1,80,0.017693481873720884,1.6400000000000006e-05
1,90,0.013427611789666116,1.8200000000000012e-05
1,100,0.011651769489981234,0.0002
1,110,0.016173287550918757,0.00019999999973471615
1,120,0.008127091359347105,0.00019999999893886454
1,130,0.0042460232740268115,0.0001999999976124452
1,140,0.0029036864696536215,0.00019999999575545823
1,150,0.001818295198609121,0.00019999999336790355
1,160,0.0014879333291901275,0.00019999999044978116
1,170,0.0013256423320854084,0.00019999998700109104
1,180,0.0013572916795965284,0.0001999999830218333
1,190,0.0012662628636462615,0.00019999997851200796
1,200,0.0012248333252500743,0.00019999997347161494
1,210,0.0011223929177504033,0.00019999996790065437
1,220,0.0010271123639540747,0.00019999996179912623
1,230,0.0009771477038157173,0.0001999999551670306
1,240,0.001221511971380096,0.00019999994800436747
1,250,0.0010960514220641926,0.00019999994031113686
1,260,0.0011038507596822455,0.0001999999320873388
1,270,0.0010233304477878847,0.0001999999233329734
1,280,0.0009472121251747012,0.0001999999140480407
1,290,0.0009877672389848157,0.00019999990423254073
1,300,0.0009479606538661755,0.00019999989388647352
1,310,0.0008620516615337691,0.00019999988300983915
1,320,0.001068924885476008,0.00019999987160263771
1,330,0.0008248355326941237,0.00019999985966486923
1,340,0.0008519302122294903,0.00019999984719653368
1,350,0.0010149197827558965,0.00019999983419763124
1,360,0.001024069931008853,0.00019999982066816203
1,370,0.0009321863064542413,0.00019999980660812602
1,380,0.0007963394207763485,0.0001999997920175233
1,390,0.0007812236013705842,0.000199999776896354
1,400,0.0007296496332855895,0.00019999976124461812
1,410,0.0007083294491167182,0.00019999974506231577
1,420,0.0008106073073577136,0.00019999972834944707
1,430,0.000763899486628361,0.0001999997111060121
1,440,0.0007295109884580598,0.0001999996933320109
1,450,0.0007013229536823928,0.0001999996750274436
1,460,0.0006580894376384095,0.00019999965619231028
1,470,0.0007449243101291358,0.00019999963682661113
1,480,0.0007432930608047173,0.00019999961693034613
1,490,0.0007563725172076375,0.00019999959650351539
1,500,0.0007287839544005692,0.0001999995755461191
1,510,0.0007119360700016842,0.0001999995540581573
1,520,0.0006780917639844119,0.00019999953203963017
1,530,0.0006349572126055136,0.0001999995094905378
1,540,0.0008273323153844104,0.00019999948641088032
1,550,0.0007634964815224521,0.00019999946280065784
1,560,0.0007280509307747707,0.00019999943865987047
1,570,0.0006421177706215531,0.0001999994139885184
1,580,0.0008770029482548126,0.00019999938878660165
1,590,0.0006542245682794601,0.00019999936305412045
1,600,0.0006632351854932493,0.00019999933679107495
1,610,0.0006470450258348137,0.00019999930999746522
1,620,0.0006457168405177071,0.00019999928267329142
1,630,0.0005996186606353148,0.00019999925481855365
1,640,0.0006090420298278332,0.00019999922643325213
1,650,0.0005777320286142639,0.000199999197517387
1,660,0.0005998786684358493,0.0001999991680709584
1,670,0.0006311947734502609,0.00019999913809396649
1,680,0.0006380222330335528,0.00019999910758641143
1,690,0.0006099938706029206,0.00019999907654829336
1,700,0.0007152442456572316,0.0001999990449796125
1,710,0.0007772253280563746,0.00019999901288036894
1,720,0.0006783733842894435,0.0001999989802505629
1,730,0.0006111746166425291,0.00019999894709019452
1,740,0.0005548448571062181,0.00019999891339926403
1,750,0.0006787690763303544,0.00019999887917777163
1,760,0.0005762944208981936,0.00019999884442571745
1,770,0.0005372652034566272,0.00019999880914310157
1,780,0.0006427015265217051,0.0001999987733299243
1,790,0.000614556642540265,0.00019999873698618584
1,800,0.0005397337423346471,0.00019999870011188638
1,810,0.0005235834767518099,0.00019999866270702606
1,820,0.0005570791450736579,0.00019999862477160512
1,830,0.0006126036038040184,0.00019999858630562369
1,840,0.0005517716286703944,0.00019999854730908207
1,850,0.0005453348887385801,0.00019999850778198042
1,860,0.000531478167977184,0.00019999846772431897
1,870,0.0005425745323009324,0.00019999842713609798
1,880,0.0007025124257779681,0.00019999838601731756
1,890,0.0005935780965955928,0.00019999834436797799
1,900,0.0005784005428722595,0.00019999830218807936
1,910,0.0005274714872939512,0.0001999982594776221
1,920,0.0005092793886433355,0.00019999821623660634
1,930,0.0005468440103868488,0.00019999817246503236
1,940,0.0006414329254766926,0.00019999812816290038
1,950,0.0006165410253743175,0.00019999808333021052
1,960,0.0005389831334468908,0.0001999980379669632
1,970,0.0006247488265216817,0.00019999799207315853
1,980,0.0006013063342834358,0.0001999979456487968
1,990,0.0005144158501934726,0.00019999789869387823
1,1000,0.0005078391084680333,0.00019999785120840307
1,1010,0.0005108515157189686,0.00019999780319237157
1,1020,0.0004839963890844956,0.00019999775464578406
1,1030,0.0004762990865856409,0.0001999977055686407
1,1040,0.0005310862354235724,0.0001999976559609418
1,1050,0.0005137570849910845,0.00019999760582268763
1,1060,0.0005957979956292547,0.00019999755515387842
1,1070,0.0005856859897903632,0.00019999750395451445
1,1080,0.0005093859421322122,0.00019999745222459606
1,1090,0.0004900058564089704,0.0001999973999641234
1,1100,0.0005429243588878308,0.00019999734717309677
1,1110,0.0005942825599049683,0.00019999729385151646
1,1120,0.000629546809796011,0.0001999972399993828
1,1130,0.0007556601878604852,0.00019999718561669605
1,1140,0.0006049427698599175,0.0001999971307034565
1,1150,0.0005321355740306899,0.0001999970752596645
1,1160,0.0005005067418096587,0.00019999701928532032
1,1170,0.0005356041518098209,0.00019999696278042415
1,1180,0.0005050173829658888,0.0001999969057449765
1,1190,0.0004887334995146375,0.00019999684817897744
1,1200,0.00045930794804007743,0.00019999679008242738
1,1210,0.0005006296931242104,0.00019999673145532662
1,1220,0.0004877587947703432,0.00019999667229767548
1,1230,0.0005217478741542436,0.0001999966126094742
1,1240,0.0005405421630712225,0.00019999655239072322
1,1250,0.0004905739115201868,0.00019999649164142283
1,1260,0.00047288002824643624,0.00019999643036157334
1,1270,0.0005154459300683812,0.00019999636855117507
1,1280,0.0005131151963723824,0.0001999963062102283
1,1290,0.0006766074824554381,0.0001999962433387334
1,1300,0.000583351546083577,0.00019999617993669074
1,1310,0.0007275475465576164,0.00019999611600410059
1,1320,0.0005521595187019557,0.0001999960515409634
1,1330,0.0005893104535061866,0.00019999598654727937
1,1340,0.0005717085885407868,0.00019999592102304886
1,1350,0.0004920214305457193,0.00019999585496827233
1,1360,0.0005010908113035839,0.00019999578838295008
1,1370,0.00047042038931977004,0.00019999572126708242
1,1380,0.0004741301978356205,0.00019999565362066978
1,1390,0.0004890597629128024,0.00019999558544371246
1,1400,0.0005396031483542174,0.0001999955167362108
1,1410,0.0005437476407678331,0.0001999954474981652
1,1420,0.00047554548436892216,0.00019999537772957598
1,1430,0.0005222293431870639,0.00019999530743044355
1,1440,0.0005528719681024086,0.00019999523660076837
1,1450,0.0005074574612081051,0.00019999516524055075
1,1460,0.0004836215113755315,0.00019999509334979104
1,1470,0.0005340654308383818,0.00019999502092848967
1,1480,0.0005079736205516383,0.000199994947976647
1,1490,0.000480904450523667,0.00019999487449426332
1,1500,0.00048147128109121695,0.00019999480048133917
1,1510,0.0005277940588712227,0.0001999947259378749
1,1520,0.0005134366540005431,0.0001999946508638708
1,1530,0.0005258884208160452,0.00019999457525932742
1,1540,0.0006405561776773538,0.00019999449912424508
1,1550,0.0005356105575629044,0.00019999442245862423
1,1560,0.0007102980787749402,0.00019999434526246518
1,1570,0.0006644423665420618,0.00019999426753576838
1,1580,0.0005029145730077289,0.00019999418927853428
1,1590,0.0005197475191380363,0.0001999941104907633
1,1600,0.0005158182837476488,0.00019999403117245586
1,1610,0.00048787113628350197,0.00019999395132361234
1,1620,0.0004497953792451881,0.00019999387094423324
1,1630,0.00048538429909967813,0.00019999379003431887
1,1640,0.0006214273307705298,0.00019999370859386976
1,1650,0.0005395905944169499,0.0001999936266228863
1,1660,0.00046172550137271175,0.0001999935441213689
1,1670,0.0005178557119506876,0.00019999346108931813
1,1680,0.0004714043978310656,0.00019999337752673427
1,1690,0.00047106837228056976,0.0001999932934336178
1,1700,0.0005069307728263084,0.00019999320880996921
1,1710,0.0004565559262118768,0.0001999931236557889
1,1720,0.0005089776655950118,0.0001999930379710774
1,1730,0.0007386861594568471,0.00019999295175583505
1,1740,0.0009255696961190552,0.0001999928650100624
1,1750,0.0007737793537671677,0.0001999927777337599
1,1760,0.0005556090211030096,0.00019999268992692794
1,1770,0.0005060933661297895,0.00019999260158956708
1,1780,0.0005618734292511362,0.00019999251272167766
1,1790,0.0005476973012264353,0.00019999242332326034
1,1800,0.0004569406810333021,0.00019999233339431543
1,1810,0.0004892532466328703,0.00019999224293484348
1,1820,0.00046338159518199973,0.00019999215194484502
1,1830,0.000438975994620705,0.0001999920604243204
1,1840,0.0004418854310642928,0.00019999196837327022
1,1850,0.00044872041398775765,0.0001999918757916949
1,1860,0.00047280668222811074,0.00019999178267959497
1,1870,0.00043143417133251205,0.00019999168903697096
1,1880,0.0004864668706431985,0.00019999159486382316
1,1890,0.000501836681360146,0.00019999150016015237
1,1900,0.00043717571679735556,0.00019999140492595895
1,1910,0.0004943292864481919,0.00019999130916124338
1,1920,0.00047101513118832374,0.00019999121286600616
1,1930,0.0005087805053335615,0.00019999111604024784
1,1940,0.000540731805813266,0.00019999101868396895
1,1950,0.0005950032558757812,0.00019999092079716997
1,1960,0.0005569957887928468,0.00019999082237985146
1,1970,0.00045747728945570997,0.00019999072343201393
1,1980,0.0005125664523802697,0.0001999906239536579
1,1990,0.0005375480963266456,0.00019999052394478387
1,2000,0.000468117341370089,0.00019999042340539244
1,2010,0.0004102628030523192,0.00019999032233548408
1,2020,0.00043363580771256234,0.00019999022073505931
1,2030,0.0004905120069452096,0.00019999011860411865
1,2040,0.0004713217073003761,0.00019999001594266273
1,2050,0.00046443100436590614,0.000199989912750692
1,2060,0.0004350992014224175,0.00019998980902820714
1,2070,0.00048199963348452,0.00019998970477520857
1,2080,0.0005298654432408512,0.00019998959999169687
1,2090,0.0005090010185085702,0.00019998949467767268
1,2100,0.0004716880794148892,0.00019998938883313648
1,2110,0.0004281080982764251,0.00019998928245808893
1,2120,0.0004376372708065901,0.00019998917555253044
1,2130,0.00044628749310504645,0.0001999890681164617
1,2140,0.0004564694594591856,0.00019998896014988322
1,2150,0.0006016949279000983,0.00019998885165279563
1,2157,0.000510081606210276,0.0001999887753891816
1,validation,0.0004275267804154529,0.0001999887753891816
2,2167,0.00046743370112380946,0.00019998866599022974
2,2177,0.00044134978670626877,0.00019998855606077027
2,2187,0.0005910877465794328,0.00019998844560080382
2,2197,0.0006204139222973027,0.00019998833461033094
2,2207,0.0004892651872069109,0.00019998822308935226
2,2217,0.0006062079068215098,0.00019998811103786826
2,2227,0.0010126881970791146,0.00019998799845587968
2,2237,0.0006838569388492033,0.00019998788534338698
2,2247,0.0006991956441197545,0.0001999877717003909
2,2257,0.0007008886976109352,0.00019998765752689195
2,2267,0.0006104010928538628,0.00019998754282289072
2,2277,0.0005066440797236282,0.00019998742758838787
2,2287,0.00044683110463665797,0.000199987311823384
2,2297,0.00045649174935533663,0.00019998719552787972
2,2307,0.0004158917021413799,0.00019998707870187574
2,2317,0.000457048316457076,0.0001999869613453725
2,2327,0.0004605157351761591,0.0001999868434583706
2,2337,0.0004699503828305751,0.00019998672504087088
2,2347,0.0004471709100471344,0.00019998660609287384
2,2357,0.00042404084306326697,0.0001999864866143802
2,2367,0.000405603734543547,0.0001999863666053905
2,2377,0.0004638689511921257,0.00019998624606590548
2,2387,0.0004618892082362436,0.0001999861249959257
2,2397,0.00040732589259278034,0.00019998600339545176
2,2407,0.00047199425607686863,0.00019998588126448434
2,2417,0.0004731493077997584,0.00019998575860302414
2,2427,0.00043454621045384555,0.00019998563541107173
2,2437,0.0004445087666681502,0.00019998551168862787
2,2447,0.0004978359793312848,0.00019998538743569308
2,2457,0.0004945673856127542,0.0001999852626522682
2,2467,0.0005411053651187103,0.00019998513733835368
2,2477,0.0005793773154437077,0.00019998501149395034
2,2487,0.00045306671818252654,0.00019998488511905878
2,2497,0.000451022521883715,0.00019998475821367967
2,2507,0.0004879357242316473,0.00019998463077781372
2,2517,0.0004893431811069604,0.00019998450281146158
2,2527,0.0005267813408863731,0.00019998437431462392
2,2537,0.0007462153618689627,0.00019998424528730146
2,2547,0.0006228484031453263,0.00019998411572949486
2,2557,0.0005043684468546417,0.00019998398564120482
2,2567,0.00047801448163227174,0.00019998385502243197
2,2577,0.0004639124548702966,0.00019998372387317707
2,2587,0.0004511412436841056,0.00019998359219344086
2,2597,0.00039061745846993287,0.00019998345998322397
2,2607,0.0004147058389207814,0.00019998332724252712
2,2617,0.00048742816070443954,0.000199983193971351
2,2627,0.0005910511201363989,0.00019998306016969628
2,2637,0.0004899080624454655,0.00019998292583756373
2,2647,0.0005497416270372923,0.000199982790974954
2,2657,0.0005181496097065974,0.0001999826555818678
2,2667,0.0005465100715809967,0.00019998251965830602
2,2677,0.00048452285336679783,0.00019998238320426926
2,2687,0.00042570779478410257,0.00019998224621975815
2,2697,0.0004683253064285964,0.00019998210870477361
2,2707,0.0004511903411184903,0.00019998197065931628
2,2717,0.0005778317463409621,0.00019998183208338677
2,2727,0.00045767719566356394,0.00019998169297698602
2,2737,0.0004841220244998113,0.00019998155334011468
2,2747,0.0005153202662768308,0.0001999814131727735
2,2757,0.0004812466380826663,0.00019998127247496315
2,2767,0.00045210370299173517,0.00019998113124668443
2,2777,0.0005064443728770129,0.0001999809894879381
2,2787,0.000476293996325694,0.00019998084719872493
2,2797,0.0004067287489306181,0.00019998070437904562
2,2807,0.00047757836800883525,0.00019998056102890098
2,2817,0.0006340614170767366,0.00019998041714829184
2,2827,0.0013784958631731568,0.0001999802727372188
2,2837,0.0008575289575674105,0.00019998012779568264
2,2847,0.0009018623619340359,0.00019997998232368423
2,2857,0.001084789354354143,0.00019997983632122433
2,2867,0.0006811489525716751,0.00019997968978830363
2,2877,0.0005632601729303133,0.000199979542724923
2,2887,0.0005067723715910688,0.0001999793951310832
2,2897,0.0004428694817761425,0.000199979247006785
2,2907,0.0004666221670049708,0.00019997909835202922
2,2917,0.0005174035592062865,0.00019997894916681658
2,2927,0.0004288638636353426,0.0001999787994511479
2,2937,0.0004375896329293027,0.00019997864920502398
2,2947,0.0004383014078484848,0.0001999784984284456
2,2957,0.00040511309780413287,0.0001999783471214136
2,2967,0.0004040084982989356,0.00019997819528392875
2,2977,0.00039605714118806645,0.00019997804291599187
2,2987,0.00041220102430088444,0.00019997789001760375
2,2997,0.00041553829505573957,0.0001999777365887652
2,3007,0.0003926430857973173,0.00019997758262947694
2,3017,0.00041698345376062207,0.00019997742813973994
2,3027,0.00040153290319722146,0.00019997727311955505
2,3037,0.0004415472409164067,0.00019997711756892297
2,3047,0.00043814993623527695,0.00019997696148784449
2,3057,0.00044192248751642185,0.00019997680487632063
2,3067,0.0005692113802069799,0.0001999766477343521
2,3077,0.000814576853736071,0.00019997649006193972
2,3087,0.0006238979476620443,0.00019997633185908436
2,3097,0.000539601081982255,0.00019997617312578686
2,3107,0.0004656380500819068,0.00019997601386204808
2,3117,0.000647004150232533,0.0001999758540678688
2,3127,0.0005433365811768453,0.0001999756937432499
2,3137,0.0005239339894615114,0.00019997553288819223
2,3147,0.0004689626577601302,0.00019997537150269666
2,3157,0.0004592786717694253,0.000199975209586764
2,3167,0.00043446137351565994,0.00019997504714039526
2,3177,0.0004451648776012007,0.0001999748841635911
2,3187,0.00043892844842048363,0.0001999747206563525
2,3197,0.0006035736267222091,0.00019997455661868016
2,3207,0.0004791129555087537,0.0001999743920505752
2,3217,0.0004204659606330097,0.00019997422695203833
2,3227,0.00044138139637652787,0.00019997406132307054
2,3237,0.00046061149114393627,0.0001999738951636726
2,3247,0.0004550068930257112,0.00019997372847384545
2,3257,0.0004426416722708382,0.00019997356125358995
2,3267,0.00044622468412853773,0.00019997339350290703
2,3277,0.0004717061514384113,0.0001999732252217975
2,3287,0.0004582963789289351,0.00019997305641026236
2,3297,0.0004802486022526864,0.0001999728870683025
2,3307,0.0004685235442593694,0.00019997271719591868
2,3317,0.0004687794877099805,0.00019997254679311193
2,3327,0.00045813054748577997,0.0001999723758598831
2,3337,0.00041959746013162655,0.00019997220439623307
2,3347,0.0004569811222609132,0.00019997203240216282
2,3357,0.0005879410316993016,0.00019997185987767323
2,3367,0.000492789052077569,0.00019997168682276523
2,3377,0.00048177031349041496,0.00019997151323743968
2,3387,0.0005128983328177129,0.0001999713391216975
2,3397,0.00042226046571158804,0.00019997116447553973
2,3407,0.0004099390876945108,0.00019997098929896723
2,3417,0.0004564954593661241,0.0001999708135919809
2,3427,0.0003990269884525333,0.00019997063735458163
2,3437,0.00044696193654090164,0.00019997046058677052
2,3447,0.0004867146642936859,0.00019997028328854838
2,3457,0.00045994144966243766,0.00019997010545991622
2,3467,0.00041141894471365955,0.00019996992710087497
2,3477,0.00040715328068472443,0.00019996974821142552
2,3487,0.0004526907476247289,0.00019996956879156887
2,3497,0.0004645699278626125,0.00019996938884130592
2,3507,0.0004439919990545604,0.00019996920836063762
2,3517,0.0004587463896314148,0.000199969027349565
2,3527,0.0004172538414422888,0.000199968845808089
2,3537,0.00044172997950227,0.00019996866373621055
2,3547,0.00038938095749472266,0.00019996848113393065
2,3557,0.00041440122877247634,0.00019996829800125022
2,3567,0.0004074524149473291,0.00019996811433817027
2,3577,0.0004999725781090092,0.0001999679301446918
2,3587,0.000431821784877684,0.00019996774542081576
2,3597,0.0004241136091877706,0.00019996756016654315
2,3607,0.00048119810817297547,0.0001999673743818749
2,3617,0.0004938188612868544,0.00019996718806681202
2,3627,0.0004846071991778445,0.0001999670012213555
2,3637,0.00047489038479398005,0.00019996681384550636
2,3647,0.0004398066448629834,0.0001999666259392655
2,3657,0.00039626755242352376,0.000199966437502634
2,3667,0.0005284977291012183,0.0001999662485356129
2,3677,0.0005606110666121822,0.0001999660590382031
2,3687,0.0005240875492745546,0.00019996586901040576
2,3697,0.000445518873311812,0.00019996567845222168
2,3707,0.0006529880083689932,0.00019996548736365199
2,3717,0.0005528893685550429,0.00019996529574469767
2,3727,0.0004766390695294831,0.00019996510359535978
2,3737,0.0005293648857332301,0.00019996491091563932
2,3747,0.0005931334526394494,0.0001999647177055373
2,3757,0.0004982499805919361,0.00019996452396505468
2,3767,0.0004705192463006824,0.00019996432969419264
2,3777,0.0005168759496882557,0.00019996413489295213
2,3787,0.00045795771366101694,0.00019996393956133422
2,3797,0.00046068446899880653,0.00019996374369933976
2,3807,0.0004735455113404896,0.00019996354730697003
2,3817,0.00044920195068698376,0.00019996335038422594
2,3827,0.0004870700518949889,0.00019996315293110864
2,3837,0.0004203598291496746,0.00019996295494761906
2,3847,0.00043132354912813755,0.00019996275643375828
2,3857,0.0004688844615884591,0.0001999625573895274
2,3867,0.0004058143596921582,0.00019996235781492746
2,3877,0.0004557230415230151,0.00019996215770995955
2,3887,0.000434375131590059,0.00019996195707462462
2,3897,0.0004218790825689211,0.00019996175590892388
2,3907,0.00042647479203878903,0.00019996155421285835
2,3917,0.0005634858076518866,0.00019996135198642898
2,3927,0.000629708704946097,0.00019996114922963702
2,3937,0.0006315294813248329,0.00019996094594248344
2,3947,0.0005314065594575368,0.00019996074212496936
2,3957,0.000535550947097363,0.00019996053777709586
2,3967,0.0007381439383607357,0.000199960332898864
2,3977,0.0005599871241429355,0.00019996012749027485
2,3987,0.0004858199412410613,0.00019995992155132948
2,3997,0.0004360980878118426,0.00019995971508202906
2,4007,0.0004822427334147506,0.0001999595080823746
2,4017,0.0004520461450738366,0.00019995930055236727
2,4027,0.0004660711812903173,0.0001999590924920082
2,4037,0.000449704938364448,0.00019995888390129843
2,4047,0.00043691758692148146,0.00019995867478023904
2,4057,0.0004065593995619565,0.00019995846512883117
2,4067,0.0003881248325342312,0.000199958254947076
2,4077,0.0004212269501294941,0.00019995804423497457
2,4087,0.00043456240964587776,0.00019995783299252802
2,4097,0.00046129644761094823,0.00019995762121973747
2,4107,0.00044465616301749835,0.00019995740891660407
2,4117,0.0004344072840467561,0.00019995719608312888
2,4127,0.00046611926227342333,0.00019995698271931306
2,4137,0.0004662124752940144,0.00019995676882515777
2,4147,0.00044761224926332944,0.0001999565544006641
2,4157,0.0004566643983707763,0.00019995633944583323
2,4167,0.00042527365585556256,0.00019995612396066632
2,4177,0.0004440020689798985,0.00019995590794516442
2,4187,0.00044147674052510413,0.00019995569139932877
2,4197,0.0005715527018764988,0.00019995547432316048
2,4207,0.0006815265187469777,0.00019995525671666066
2,4217,0.0005866872743354179,0.00019995503857983047
2,4227,0.0005155008329893462,0.00019995481991267117
2,4237,0.0004268194541509729,0.00019995460071518388
2,4247,0.0004696310650615487,0.00019995438098736968
2,4257,0.0004911439515126404,0.00019995416072922986
2,4267,0.0004512099563726224,0.00019995393994076547
2,4277,0.00048070458869915457,0.00019995371862197774
2,4287,0.00048156782286241646,0.00019995349677286782
2,4297,0.00048191129681072196,0.00019995327439343693
2,4307,0.00044325189955998214,0.00019995305148368627
2,4314,0.0004360618872202135,0.00019995289513132113
2,validation,0.00040008484719895296,0.00019995289513132113
3,4324,0.0004484597775444854,0.00019995267132002945
3,4334,0.00048737163087935186,0.00019995244697842117
3,4344,0.00040789772174321115,0.00019995222210649743
3,4354,0.00045899175456725065,0.0001999519967042595
3,4364,0.0004406701598782092,0.0001999517707717085
3,4374,0.0004424724327691365,0.00019995154430884566
3,4384,0.00044340595486573874,0.00019995131731567222
3,4394,0.0004468241662834771,0.0001999510897921893
3,4404,0.0004756955859193112,0.0001999508617383982
3,4414,0.0004488549588131718,0.00019995063315430008
3,4424,0.0004726714061689563,0.00019995040403989617
3,4434,0.00043613117595668886,0.00019995017439518767
3,4444,0.00046036621060920876,0.00019994994422017573
3,4454,0.0004771858191816136,0.00019994971351486174
3,4464,0.0004431054934684653,0.0001999494822792468
3,4474,0.00044578907618415543,0.00019994925051333218
3,4484,0.00045537535625044255,0.00019994901821711908
3,4494,0.00043364354642108085,0.00019994878539060878
3,4504,0.00044363245615386404,0.00019994855203380238
3,4514,0.0004127381762373261,0.0001999483181467013
3,4524,0.0004001730849267915,0.00019994808372930667
3,4534,0.00042929106202791443,0.00019994784878161974
3,4544,0.0004549340541416314,0.00019994761330364186
3,4554,0.000503943220974179,0.00019994737729537408
3,4564,0.0004721414079540409,0.00019994714075681784
3,4574,0.0004159750729741063,0.00019994690368797439
3,4584,0.00047714337342767975,0.00019994666608884494
3,4594,0.0006019549335178453,0.00019994642795943062
3,4604,0.000574810482794419,0.00019994618929973282
3,4614,0.0005562717720749787,0.00019994595010975285
3,4624,0.0005553048613364808,0.00019994571038949187
3,4634,0.0005151931291038636,0.00019994547013895125
3,4644,0.00044519822986330835,0.00019994522935813216
3,4654,0.0007633689958311152,0.000199944988047036
3,4664,0.0007207022434158716,0.00019994474620566396
3,4674,0.0005300472039380111,0.00019994450383401742
3,4684,0.0004651418603316415,0.0001999442609320976
3,4694,0.00043938539747614416,0.00019994401749990574
3,4704,0.0005031438253354281,0.0001999437735374432
3,4714,0.0004927476533339359,0.0001999435290447112
3,4724,0.0004441280776518397,0.0001999432840217112
3,4734,0.0004056528166984208,0.00019994303846844434
3,4744,0.0004862422531004995,0.00019994279238491196
3,4754,0.0006108160341682378,0.00019994254577111539
3,4764,0.0005962304909189698,0.00019994229862705588
3,4774,0.0007949179693241603,0.00019994205095273483
3,4784,0.000555399071163265,0.00019994180274815357
3,4794,0.0005108048891997897,0.00019994155401331328
3,4804,0.0005128131066157948,0.0001999413047482154
3,4814,0.00043789878181996753,0.00019994105495286114
3,4824,0.0004533217877906281,0.00019994080462725197
3,4834,0.000452556625532452,0.00019994055377138906
3,4844,0.00043677075955201873,0.00019994030238527384
3,4854,0.0004158782598096877,0.00019994005046890766
3,4864,0.0003738757513929158,0.0001999397980222918
3,4874,0.00042355778059572914,0.00019993954504542765
3,4884,0.0004480256320675835,0.00019993929153831654
3,4894,0.0004643852553272154,0.00019993903750095977
3,4904,0.00045559296559076755,0.00019993878293335878
3,4914,0.0004363505417131819,0.0001999385278355148
3,4924,0.0003981928348366637,0.00019993827220742935
3,4934,0.0004566298986901529,0.00019993801604910357
3,4944,0.00045123556410544554,0.00019993775936053896
3,4954,0.0005826237458677497,0.00019993750214173682
3,4964,0.0005190735697397031,0.00019993724439269856
3,4974,0.0005346721307432744,0.00019993698611342554
3,4984,0.0005570787492615636,0.0001999367273039192
3,4994,0.0005047532104072161,0.00019993646796418076
3,5004,0.000490618890762562,0.0001999362080942117
3,5014,0.0006179788259032648,0.00019993594769401337
3,5024,0.0005215881879848894,0.00019993568676358723
3,5034,0.0004773419692355674,0.0001999354253029345
3,5044,0.0004862532776314765,0.0001999351633120566
3,5054,0.0004658123856643215,0.00019993490079095507
3,5064,0.0004452739987755194,0.00019993463773963112
3,5074,0.0004143410420510918,0.00019993437415808632
3,5084,0.0004245247240760364,0.000199934110046322
3,5094,0.00043022939498769117,0.00019993384540433956
3,5104,0.0004255973035469651,0.0001999335802321404
3,5114,0.00046919137894292363,0.0001999333145297259
3,5124,0.0005942576673987788,0.0001999330482970974
3,5134,0.00104024471656885,0.00019993278153425644
3,5144,0.0007714760562521406,0.0001999325142412044
3,5154,0.0005343066884961444,0.00019993224641794263
3,5164,0.0005177832121262327,0.00019993197806447265
3,5174,0.0004153414774918929,0.00019993170918079588
3,5184,0.0004788142454344779,0.00019993143976691367
3,5194,0.00046845266188029196,0.00019993116982282744
3,5204,0.00043070124374935406,0.0001999308993485388
3,5214,0.0004096478383871727,0.00019993062834404898
3,5224,0.0004209749546134844,0.0001999303568093595
3,5234,0.0005183507266337984,0.00019993008474447188
3,5244,0.00043475091733853334,0.00019992981214938735
3,5254,0.00037502112609217876,0.00019992953902410758
3,5264,0.0003460355008428451,0.000199929265368634
3,5274,0.0004398269054945558,0.00019992899118296788
3,5284,0.0004452494722499978,0.00019992871646711075
3,5294,0.0004335158388130367,0.00019992844122106412
3,5304,0.0005088383586553391,0.0001999281654448295
3,5314,0.0006980331098020542,0.00019992788913840824
3,5324,0.0006252274979487993,0.00019992761230180184
3,5334,0.00045677357484237287,0.00019992733493501183
3,5344,0.00039895894224173395,0.00019992705703803963
3,5354,0.0008291498670587317,0.00019992677861088666
3,5364,0.001171763672027737,0.0001999264996535545
3,5374,0.0008228872728068382,0.0001999262201660446
3,5384,0.0006727295782184229,0.00019992594014835844
3,5394,0.0005483403481775894,0.00019992565960049743
3,5404,0.0005253506882581861,0.00019992537852246315
3,5414,0.00042868466480285863,0.00019992509691425702
3,5424,0.0005161421257071197,0.0001999248147758806
3,5434,0.0004843827191507444,0.00019992453210733533
3,5444,0.0007307052532269152,0.00019992424890862272
3,5454,0.0005037325820012484,0.00019992396517974436
3,5464,0.0004487382240768057,0.0001999236809207017
3,5474,0.00045129544523661027,0.00019992339613149625
3,5484,0.0004083340885699727,0.0001999231108121295
3,5494,0.00041173366698785683,0.00019992282496260287
3,5504,0.0003881601041939575,0.00019992253858291804
3,5514,0.00036762378658750094,0.00019992225167307653
3,5524,0.00041225131644750945,0.0001999219642330798
3,5534,0.00042928057882818393,0.00019992167626292927
3,5544,0.0005288250613375567,0.00019992138776262665
3,5554,0.0004769365295942407,0.0001999210987321734
3,5564,0.0004256149506545626,0.00019992080917157108
3,5574,0.0004323246284911874,0.00019992051908082116
3,5584,0.0004317956598242745,0.00019992022845992516
3,5594,0.0004547702083073091,0.00019991993730888476
3,5604,0.00046227675848058424,0.00019991964562770137
3,5614,0.00047058213822310786,0.0001999193534163766
3,5624,0.0004497024245210923,0.00019991906067491196
3,5634,0.000470842653157888,0.00019991876740330905
3,5644,0.0005141942463524174,0.00019991847360156936
3,5654,0.0004500919625570532,0.00019991817926969457
3,5664,0.000480383646208793,0.00019991788440768614
3,5674,0.0005680563757778146,0.00019991758901554562
3,5684,0.0004907053633360192,0.00019991729309327472
3,5694,0.0004196663583570626,0.00019991699664087485
3,5704,0.0003790387236222159,0.00019991669965834766
3,5714,0.00046307854063343257,0.0001999164021456947
3,5724,0.0004643875574402046,0.0001999161041029176
3,5734,0.00046655176192871294,0.00019991580553001785
3,5744,0.0005086257944640238,0.0001999155064269971
3,5754,0.000525903395464411,0.00019991520679385686
3,5764,0.00048022329647210424,0.0001999149066305988
3,5774,0.0004748428844322916,0.0001999146059372245
3,5784,0.00042407185756019314,0.0001999143047137355
3,5794,0.00043255833661532956,0.00019991400296013348
3,5804,0.0003852877809549682,0.00019991370067642012
3,5814,0.0003903966942743864,0.00019991339786259687
3,5824,0.00037177911945036614,0.00019991309451866535
3,5834,0.0004307023773435503,0.00019991279064462722
3,5844,0.0004513313768256922,0.00019991248624048408
3,5854,0.00043374899614718744,0.0001999121813062375
3,5864,0.00039460828193114137,0.00019991187584188918
3,5874,0.0003870174550684169,0.00019991156984744063
3,5884,0.00041068517166422677,0.00019991126332289356
3,5894,0.00040453780311509033,0.00019991095626824954
3,5904,0.00044583008784684355,0.00019991064868351023
3,5914,0.0004813185500097461,0.00019991034056867727
3,5924,0.0004714162794698496,0.00019991003192375227
3,5934,0.0004356176454166416,0.00019990972274873693
3,5944,0.00046252565225586296,0.00019990941304363276
3,5954,0.0004601145155902486,0.00019990910280844154
3,5964,0.000449887915601721,0.00019990879204316488
3,5974,0.0004149729036726057,0.00019990848074780438
3,5984,0.0004960597238095943,0.0001999081689223618
3,5994,0.0004948361245624255,0.00019990785656683868
3,6004,0.0004922305692161899,0.0001999075436812367
3,6014,0.0004320019099395722,0.00019990723026555753
3,6024,0.0004271985599189066,0.00019990691631980288
3,6034,0.00041025735336006617,0.00019990660184397436
3,6044,0.000425033852661727,0.00019990628683807366
3,6054,0.00040643019892740997,0.00019990597130210245
3,6064,0.00041376386288902726,0.00019990565523606238
3,6074,0.00039325181423919273,0.00019990533863995517
3,6084,0.000466591370786773,0.00019990502151378243
3,6094,0.00044358311060932465,0.0001999047038575459
3,6104,0.00043079726965515873,0.0001999043856712473
3,6114,0.0004516642176895403,0.00019990406695488824
3,6124,0.0004549654251604807,0.0001999037477084704
3,6134,0.0004952928866259754,0.00019990342793199556
3,6144,0.00039140173976193177,0.00019990310762546534
3,6154,0.00040120531048160046,0.0001999027867888815
3,6164,0.00047074574176804164,0.00019990246542224573
3,6174,0.0005033310517319478,0.00019990214352555967
3,6184,0.00047265887405956164,0.0001999018210988251
3,6194,0.00045343767123995354,0.0001999014981420437
3,6204,0.0004467514343559742,0.00019990117465521715
3,6214,0.0005255694501101971,0.00019990085063834728
3,6224,0.00046599325360148215,0.00019990052609143575
3,6234,0.00040651339222677054,0.00019990020101448425
3,6244,0.0007230590512335767,0.0001998998754074945
3,6254,0.0005984895848087035,0.00019989954927046824
3,6264,0.0005242131570412312,0.00019989922260340722
3,6274,0.0004982120844942983,0.0001998988954063132
3,6284,0.0004196981244604103,0.00019989856767918784
3,6294,0.00040199064096668735,0.00019989823942203298
3,6304,0.000416765838599531,0.0001998979106348503
3,6314,0.0004462544806301594,0.00019989758131764153
3,6324,0.00042332576995249835,0.00019989725147040848
3,6334,0.0004038064987980761,0.00019989692109315276
3,6344,0.0004314617937779985,0.00019989659018587632
3,6354,0.0004691807516792324,0.00019989625874858075
3,6364,0.0004474326633499004,0.00019989592678126781
3,6374,0.00044013003789586944,0.00019989559428393942
3,6384,0.000409748144011246,0.0001998952612565972
3,6394,0.00043976361266686583,0.00019989492769924297
3,6404,0.00045257209203555245,0.00019989459361187848
3,6414,0.0004342390791862272,0.00019989425899450558
3,6424,0.0004185308192973025,0.00019989392384712592
3,6434,0.0004738881638331804,0.0001998935881697414
3,6444,0.0005681941722286866,0.0001998932519623537
3,6454,0.000610386734479107,0.0001998929152249647
3,6464,0.0004722463978396263,0.0001998925779575761
3,6471,0.0004239798342626143,0.0001998923415550553
3,validation,0.00041382937474721817,0.0001998923415550553
4,6481,0.0004212357329379302,0.00019989200338667158
4,6491,0.0004038771650812123,0.00019989166468829301
4,6501,0.0003932963358238339,0.00019989132545992155
4,6511,0.0004158262716373428,0.00019989098570155896
4,6521,0.0004517787208897062,0.00019989064541320708
4,6531,0.0004375329190224875,0.00019989030459486757
4,6541,0.00040253701736219226,0.0001998899632465424
4,6551,0.0004623460190487094,0.0001998896213682333
4,6561,0.0005592425579379778,0.0001998892789599422
4,6571,0.0004867465475399513,0.00019988893602167074
4,6581,0.00049356796007487,0.0001998885925534208
4,6591,0.0004444251913810149,0.0001998882485551943
4,6601,0.00043398006309871564,0.000199887904026993
4,6611,0.00046120243059704085,0.00019988755896881868
4,6621,0.00046139705737004985,0.00019988721338067315
4,6631,0.0004186073820164893,0.0001998868672625584
4,6641,0.00048623555339872833,0.00019988652061447617
4,6651,0.00044157329975860196,0.00019988617343642828
4,6661,0.0005025246966397389,0.00019988582572841662
4,6671,0.0004878214218479116,0.00019988547749044295
4,6681,0.00042237977613694965,0.00019988512872250923
4,6691,0.00044320750457700343,0.00019988477942461727
4,6701,0.0004065787979925517,0.0001998844295967688
4,6711,0.00036946111213183026,0.00019988407923896584
4,6721,0.0004966927364876027,0.0001998837283512102
4,6731,0.0005509732967766467,0.00019988337693350368
4,6741,0.0004893562516372185,0.00019988302498584823
4,6751,0.0004832056925806683,0.0001998826725082457
4,6761,0.0005119283880048898,0.00019988231950069795
4,6771,0.0004317891027312726,0.0001998819659632068
4,6781,0.0004488518803555053,0.0001998816118957742
4,6791,0.0004893953766440973,0.00019988125729840205
4,6801,0.0004692588678153697,0.0001998809021710921
4,6811,0.0005095330117910635,0.00019988054651384638
4,6821,0.00046922433321014976,0.0001998801903266667
4,6831,0.00048826580095919777,0.00019987983360955498
4,6841,0.0005199759914830792,0.00019987947636251302
4,6851,0.0005161321940249763,0.0001998791185855429
4,6861,0.0005161781409697141,0.00019987876027864634
4,6871,0.000468019422260113,0.0001998784014418254
4,6881,0.00046003382158232853,0.00019987804207508182
4,6891,0.00039382817922160027,0.0001998776821784176
4,6901,0.00045834027114324274,0.0001998773217518347
4,6911,0.000455334367143223,0.00019987696079533485
4,6921,0.0004270032812200952,0.00019987659930892018
4,6931,0.0004326961810875218,0.00019987623729259246
4,6941,0.0005021353317715693,0.00019987587474635371
4,6951,0.0004872760982834734,0.00019987551167020574
4,6961,0.00042622909750207323,0.00019987514806415048
4,6971,0.00041814578216872175,0.00019987478392818994
4,6981,0.0004196145993773826,0.0001998744192623261
4,6991,0.000421437704062555,0.00019987405406656088
4,7001,0.0004233774503518362,0.0001998736883408961
4,7011,0.00042436553048901264,0.0001998733220853337
4,7021,0.00046347833413165065,0.00019987295529987572
4,7031,0.00043277592631056904,0.00019987258798452416
4,7041,0.0004304294685425702,0.0001998722201392808
4,7051,0.00038992360932752493,0.00019987185176414767
4,7061,0.0004145726306887809,0.00019987148285912672
4,7071,0.0004573710633849259,0.00019987111342421995
4,7081,0.0004599105777742807,0.00019987074345942922
4,7091,0.0004302681663830299,0.0001998703729647566
4,7101,0.00041161244735121727,0.00019987000194020396
4,7111,0.0003734657031600364,0.00019986963038577343
4,7121,0.00045457551677827727,0.00019986925830146678
4,7131,0.00044094256954849695,0.00019986888568728614
4,7141,0.0005255481853964739,0.00019986851254323332
4,7151,0.0004948610199789983,0.00019986813886931046
4,7161,0.0004256699125107843,0.0001998677646655195
4,7171,0.00041703229508129877,0.00019986738993186235
4,7181,0.0004605763992003631,0.00019986701466834114
4,7191,0.000433841015183134,0.0001998666388749578
4,7201,0.00040063042106339706,0.0001998662625517143
4,7211,0.0003978523302066606,0.0001998658856986126
4,7221,0.00041247495901188815,0.00019986550831565478
4,7231,0.0004923103871988133,0.0001998651304028428
4,7241,0.0005261792146484367,0.00019986475196017868
4,7251,0.0004883477828116156,0.00019986437298766436
4,7261,0.0004944242697092705,0.00019986399348530194
4,7271,0.00043691254395525906,0.0001998636134530934
4,7281,0.00039675228690612126,0.0001998632328910407
4,7291,0.000548816653463291,0.00019986285179914593
4,7301,0.0005841082100232597,0.00019986247017741114
4,7311,0.00046577968969359064,0.00019986208802583833
4,7321,0.0004019425905426033,0.00019986170534442945
4,7331,0.00048644389753462743,0.00019986132213318665
4,7341,0.00043631753505906084,0.00019986093839211187
4,7351,0.00046376504396903326,0.00019986055412120723
4,7361,0.00043792440337711016,0.00019986016932047472
4,7371,0.0005189653136767447,0.00019985978398991635
4,7381,0.0006020215027092491,0.00019985939812953415
4,7391,0.0004873157377005555,0.0001998590117393302
4,7401,0.000460714894143166,0.0001998586248193066
4,7411,0.0004356659323093481,0.0001998582373694654
4,7421,0.0004854340259043966,0.00019985784938980858
4,7431,0.00043301255500409756,0.00019985746088033827
4,7441,0.00044430637353798375,0.00019985707184105652
4,7451,0.0004037405531562399,0.00019985668227196532
4,7461,0.00044107472858740944,0.00019985629217306682
4,7471,0.000451605302077951,0.000199855901544363
4,7481,0.0005458770487166476,0.00019985551038585603
4,7491,0.00047859717378742064,0.000199855118697548
4,7501,0.0006426284715416841,0.00019985472647944086
4,7511,0.0005004670601920225,0.0001998543337315368
4,7521,0.0004891814911388792,0.00019985394045383785
4,7531,0.00047131577812251633,0.0001998535466463462
4,7541,0.00045992840678081847,0.00019985315230906382
4,7551,0.00046606191899627446,0.0001998527574419928
4,7561,0.0004648516296583693,0.00019985236204513526
4,7571,0.00045884700157330374,0.0001998519661184934
4,7581,0.0004587833194818813,0.00019985156966206922
4,7591,0.00040592850637040097,0.00019985117267586473
4,7601,0.0004195682748104446,0.00019985077515988225
4,7611,0.0004509899008553475,0.00019985037711412376
4,7621,0.00046350142365554343,0.00019984997853859143
4,7631,0.0004180012161668856,0.00019984957943328728
4,7641,0.0004033506593259517,0.0001998491797982135
4,7651,0.0003827014632406644,0.0001998487796333722
4,7661,0.0004350655777670909,0.0001998483789387655
4,7671,0.000459415801014984,0.0001998479777143955
4,7681,0.00043580426281550897,0.00019984757596026439
4,7691,0.00038515945925610145,0.00019984717367637427
4,7701,0.0004002058660262264,0.00019984677086272727
4,7711,0.0003795879893004894,0.00019984636751932552
4,7721,0.000410672295402037,0.00019984596364617117
4,7731,0.0004215374399791471,0.00019984555924326634
4,7741,0.0004059258644701913,0.00019984515431061318
4,7751,0.0003923140735423658,0.00019984474884821385
4,7761,0.0003760323008464184,0.00019984434285607057
4,7771,0.00038648011177428994,0.00019984393633418543
4,7781,0.00038792464692960493,0.00019984352928256052
4,7791,0.00035794374198303556,0.0001998431217011981
4,7801,0.00039500886341556905,0.00019984271359010027
4,7811,0.00040382924271398224,0.0001998423049492693
4,7821,0.00040781210846034814,0.00019984189577870723
4,7831,0.00042739320706459695,0.0001998414860784163
4,7841,0.0004911058800644241,0.00019984107584839866
4,7851,0.0006146156891190912,0.00019984066508865652
4,7861,0.0006422242528060451,0.00019984025379919196
4,7871,0.0006934222554264124,0.0001998398419800073
4,7881,0.000628698943182826,0.00019983942963110464
4,7891,0.0007219314298708922,0.00019983901675248617
4,7901,0.0006049164534488227,0.0001998386033441541
4,7911,0.0004763132325024344,0.00019983818940611065
4,7921,0.0004156513401539996,0.00019983777493835802
4,7931,0.00046381948486668996,0.0001998373599408983
4,7941,0.00046433961688308045,0.00019983694441373385
4,7951,0.000404374750360148,0.00019983652835686683
4,7961,0.0004453237204870675,0.00019983611177029937
4,7971,0.00046351717028301207,0.00019983569465403366
4,7981,0.0004699764453107491,0.00019983527700807204
4,7991,0.00043805292734759864,0.00019983485883241659
4,8001,0.0004143563892284874,0.0001998344401270696
4,8011,0.0003756069971132093,0.0001998340208920334
4,8021,0.00042108478301088325,0.00019983360112731005
4,8031,0.0004348446556832641,0.00019983318083290183
4,8041,0.00044519651419250295,0.00019983276000881098
4,8051,0.000491414784482913,0.00019983233865503963
4,8061,0.0004692204158345703,0.00019983191677159018
4,8071,0.00042155673436354845,0.00019983149435846484
4,8081,0.0003852647540043108,0.00019983107141566576
4,8091,0.0004067431029397994,0.00019983064794319523
4,8101,0.0004689821464125999,0.00019983022394105547
4,8111,0.0004872323443123605,0.00019982979940924879
4,8121,0.00046662479435326536,0.00019982937434777747
4,8131,0.000473638491530437,0.00019982894875664363
4,8141,0.0004454097608686425,0.00019982852263584965
4,8151,0.000436404886568198,0.00019982809598539776
4,8161,0.00042506005192990417,0.0001998276688052902
4,8171,0.00046435718322754835,0.00019982724109552928
4,8181,0.0004840025198063813,0.00019982681285611717
4,8191,0.0004206958874419797,0.00019982638408705628
4,8201,0.0004772351632709615,0.00019982595478834872
4,8211,0.0005415335443103686,0.00019982552495999693
4,8221,0.0004940602593705989,0.0001998250946020031
4,8231,0.00041788471280597146,0.0001998246637143695
4,8241,0.0004645770568458829,0.00019982423229709844
4,8251,0.0004688689434260596,0.00019982380035019236
4,8261,0.0004977020573278424,0.0001998233678736533
4,8271,0.0007404320822388399,0.0001998229348674837
4,8281,0.0006683890329441056,0.00019982250133168574
4,8291,0.0004965442582033575,0.00019982206726626192
4,8301,0.0005053261469583958,0.00019982163267121434
4,8311,0.00047671330030425453,0.00019982119754654543
4,8321,0.0004656204968341626,0.0001998207618922575
4,8331,0.0004390332498587668,0.00019982032570835278
4,8341,0.00041640442868811077,0.00019981988899483365
4,8351,0.0004487621845328249,0.0001998194517517024
4,8361,0.0006679595011519269,0.00019981901397896136
4,8371,0.0004811357444850728,0.00019981857567661287
4,8381,0.0004446174236363731,0.0001998181368446592
4,8391,0.0004489235965593252,0.00019981769748310266
4,8401,0.00048472167327417987,0.0001998172575919457
4,8411,0.0004388167813885957,0.0001998168171711906
4,8421,0.0004238286812324077,0.00019981637622083962
4,8431,0.0004010761920653749,0.00019981593474089514
4,8441,0.00040133578368113377,0.00019981549273135967
4,8451,0.000387794102425687,0.00019981505019223527
4,8461,0.00039641715702600774,0.00019981460712352448
4,8471,0.00035914336476707833,0.00019981416352522955
4,8481,0.0004027244787721429,0.00019981371939735296
4,8491,0.00041657300025690344,0.00019981327473989695
4,8501,0.0003847363776003477,0.0001998128295528639
4,8511,0.00038878139675944115,0.00019981238383625624
4,8521,0.00045358273200690746,0.00019981193759007626
4,8531,0.0004328450362663716,0.00019981149081432634
4,8541,0.0003731783006514888,0.00019981104350900883
4,8551,0.00041279866927652615,0.00019981059567412615
4,8561,0.0004749616426124703,0.00019981014730968062
4,8571,0.0004051678566611372,0.00019980969841567472
4,8581,0.00043149576013092885,0.00019980924899211082
4,8591,0.00041869480846798977,0.00019980879903899124
4,8601,0.0004753488661663141,0.00019980834855631832
4,8611,0.00040630938383401377,0.00019980789754409458
4,8621,0.00038588210227317175,0.0001998074460023223
4,8628,0.00039550029967878284,0.0001998071296080016
4,validation,0.0003793873220627892,0.0001998071296080016
5,8638,0.0004192551772575825,0.0001998066771660024
5,8648,0.0004286611183488276,0.00019980622419446116
5,8658,0.00038753538101445886,0.00019980577069338035
5,8668,0.0004317532970162574,0.0001998053166627623
5,8678,0.0004305998816562351,0.0001998048621026095
5,8688,0.0004026687922305428,0.00019980440701292427
5,8698,0.00037640050722984595,0.00019980395139370906
5,8708,0.0004558203312626574,0.00019980349524496632
5,8718,0.00043602990626823157,0.00019980303856669842
5,8728,0.0004277034429833293,0.00019980258135890783
5,8738,0.0003917957074008882,0.000199802123621597
5,8748,0.0004125728613871615,0.00019980166535476826
5,8758,0.0003693274040415418,0.00019980120655842406
5,8768,0.0003814940188021865,0.00019980074723256687
5,8778,0.0004426784216775559,0.00019980028737719924
5,8788,0.0004637780701159499,0.0001997998269923234
5,8798,0.00047115709821810015,0.00019979936607794185
5,8808,0.000441177671746118,0.00019979890463405712
5,8818,0.0004075268218002748,0.00019979844266067155
5,8828,0.00036968128988519307,0.0001997979801577877
5,8838,0.00035948615404777227,0.000199797517125408
5,8848,0.00035657875632750803,0.00019979705356353486
5,8858,0.00039054046501405535,0.00019979658947217078
5,8868,0.000381264017050853,0.00019979612485131822
5,8878,0.0004119476900086738,0.00019979565970097956
5,8888,0.0003896838985383511,0.0001997951940211574
5,8898,0.00044235448585823174,0.0001997947278118541
5,8908,0.00043123826399096285,0.0001997942610730722
5,8918,0.0004178084862360265,0.00019979379380481415
5,8928,0.00038495924673043186,0.00019979332600708247
5,8938,0.0003716103259648662,0.0001997928576798796
5,8948,0.0004745489968627225,0.00019979238882320805
5,8958,0.0006360456711263396,0.00019979191943707026
5,8968,0.000511261826613918,0.00019979144952146877
5,8978,0.0004036754915432539,0.000199790979076406
5,8988,0.00039133710743044503,0.00019979050810188455
5,8998,0.00044947986170882357,0.00019979003659790687
5,9008,0.000443760841153562,0.00019978956456447543
5,9018,0.0003909086444764398,0.00019978909200159286
5,9028,0.00040301506160176357,0.0001997886189092615
5,9038,0.0004413495429616887,0.0001997881452874839
5,9048,0.0004981901627616025,0.0001997876711362626
5,9058,0.00046414013704634274,0.00019978719645560015
5,9068,0.0004525802920397837,0.00019978672124549904
5,9078,0.0004098676807188894,0.0001997862455059618
5,9088,0.00044325349517748686,0.000199785769236991
5,9098,0.00045819532897439785,0.00019978529243858912
5,9108,0.00041992909027612765,0.00019978481511075867
5,9118,0.00036806512653129173,0.00019978433725350217
5,9128,0.00045126576442271475,0.00019978385886682215
5,9138,0.00044231354186194947,0.00019978337995072126
5,9148,0.00045665134384762494,0.0001997829005052019
5,9158,0.00043361811840441077,0.0001997824205302667
5,9168,0.0004563846479868517,0.00019978194002591817
5,9178,0.00044647076210821977,0.0001997814589921588
5,9188,0.000493046496558236,0.00019978097742899122
5,9198,0.00043755131628131494,0.00019978049533641803
5,9208,0.00043680044109350996,0.0001997800127144417
5,9218,0.000586037022731034,0.0001997795295630649
5,9228,0.0005519168305909261,0.00019977904588229005
5,9238,0.00045130042635719295,0.00019977856167211985
5,9248,0.00044756047209375537,0.00019977807693255677
5,9258,0.0004289285578124691,0.00019977759166360341
5,9268,0.0003706979048729409,0.00019977710586526243
5,9278,0.0003880144744471181,0.00019977661953753622
5,9288,0.0003602709599363152,0.00019977613268042747
5,9298,0.00038939584846957586,0.00019977564529393877
5,9308,0.000380496378056705,0.00019977515737807272
5,9318,0.00045590763111249546,0.00019977466893283187
5,9328,0.00037315935333026573,0.00019977417995821882
5,9338,0.00041107749857474115,0.00019977369045423617
5,9348,0.0004336680249252822,0.00019977320042088652
5,9358,0.00036930560381733815,0.0001997727098581725
5,9368,0.00039614441484445704,0.00019977221876609668
5,9378,0.0004001833134680055,0.00019977172714466174
5,9388,0.00041909135397872883,0.00019977123499387013
5,9398,0.00044155908617540265,0.0001997707423137246
5,9408,0.00040707839580136353,0.00019977024910422766
5,9418,0.00042738018746604214,0.00019976975536538198
5,9428,0.0004224070282361936,0.0001997692610971902
5,9438,0.0003961490707297344,0.00019976876629965493
5,9448,0.0004161912424024194,0.00019976827097277874
5,9458,0.00040482541080564264,0.0001997677751165643
5,9468,0.00038349458554876037,0.00019976727873101426
5,9478,0.00043532394702197055,0.00019976678181613124
5,9488,0.00042344703833805395,0.0001997662843719179
5,9498,0.00040832322847563776,0.0001997657863983768
5,9508,0.00042469748950679787,0.00019976528789551065
5,9518,0.0004484219040023163,0.00019976478886332208
5,9528,0.00046554243308492,0.00019976428930181374
5,9538,0.0004365693646832369,0.00019976378921098833
5,9548,0.000395495420525549,0.00019976328859084837
5,9558,0.0003996277300757356,0.0001997627874413966
5,9568,0.0003728340452653356,0.00019976228576263573
5,9578,0.0004416279698489234,0.00019976178355456836
5,9588,0.00046373676668736157,0.00019976128081719723
5,9598,0.0004210510509437881,0.0001997607775505249
5,9608,0.0004831420934351627,0.00019976027375455402
5,9618,0.0003829663684882689,0.00019975976942928736
5,9628,0.00037082963099237536,0.0001997592645747276
5,9638,0.00041491127558401786,0.00019975875919087726
5,9648,0.00041736094281077387,0.0001997582532777392
5,9658,0.0004771393985720351,0.000199757746835316
5,9668,0.0004737697825476061,0.00019975723986361045
5,9678,0.0005114396066346671,0.00019975673236262515
5,9688,0.0004983561324479524,0.00019975622433236282
5,9698,0.00042596052444423546,0.00019975571577282616
5,9708,0.00042201936157653107,0.0001997552066840179
5,9718,0.0004307865267037414,0.0001997546970659407
5,9728,0.00041098544315900656,0.00019975418691859726
5,9738,0.0003720096341567114,0.00019975367624199033
5,9748,0.00041139418899547307,0.00019975316503612257
5,9758,0.0003793119249166921,0.00019975265330099672
5,9768,0.00045258814789121964,0.00019975214103661547
5,9778,0.0006140767298347782,0.00019975162824298158
5,9788,0.0004950324742821976,0.00019975111492009776
5,9798,0.00042820868038688785,0.00019975060106796667
5,9808,0.000397693757986417,0.0001997500866865911
5,9818,0.00042351781739853324,0.00019974957177597375
5,9828,0.000448730092466576,0.00019974905633611743
5,9838,0.00043600100689218375,0.00019974854036702473
5,9848,0.0004342333224485629,0.00019974802386869847
5,9858,0.00040673416515346617,0.00019974750684114144
5,9868,0.00043481018510647116,0.00019974698928435628
5,9878,0.00043827427361975424,0.0001997464711983458
5,9888,0.00039005538710625844,0.00019974595258311274
5,9898,0.000428775620093802,0.0001997454334386598
5,9908,0.0004922616630210541,0.00019974491376498988
5,9918,0.0004467750703042839,0.00019974439356210558
5,9928,0.00043787504764623007,0.00019974387283000977
5,9938,0.00041547507498762565,0.00019974335156870509
5,9948,0.0003928980266209692,0.0001997428297781944
5,9958,0.00037024105404270813,0.00019974230745848037
5,9968,0.0003878983392496593,0.00019974178460956595
5,9978,0.0003941921073419508,0.00019974126123145378
5,9988,0.0003764756191230845,0.0001997407373241467
5,9998,0.00038400844932766625,0.00019974021288764746
5,10008,0.00042453903006389737,0.0001997396879219589
5,10018,0.00035006410762434826,0.00019973916242708368
5,10028,0.0003730005693796556,0.0001997386364030247
5,10038,0.00038494375112350097,0.00019973810984978463
5,10048,0.00039916757523315025,0.00019973758276736628
5,10058,0.00043879548684344627,0.0001997370551557726
5,10068,0.0004394958043121733,0.0001997365270150063
5,10078,0.00046169038032530804,0.00019973599834507014
5,10088,0.0006718384734995197,0.00019973546914596696
5,10098,0.0005185456531762612,0.00019973493941769958
5,10108,0.0004891799449978862,0.00019973440916027082
5,10118,0.0004231438782881014,0.0001997338783736834
5,10128,0.0004938178710290231,0.0001997333470579402
5,10138,0.0004772026870341506,0.00019973281521304414
5,10148,0.00041895031827152705,0.00019973228283899795
5,10158,0.00041093296240433117,0.00019973174993580446
5,10168,0.000400471347529674,0.0001997312165034664
5,10178,0.0005342520504200366,0.00019973068254198673
5,10188,0.0005019057061872445,0.00019973014805136822
5,10198,0.00048032161430455744,0.00019972961303161375
5,10208,0.00042420329482411033,0.00019972907748272615
5,10218,0.0004674455791246146,0.00019972854140470832
5,10228,0.00043071206164313486,0.000199728004797563
5,10238,0.00045835776327294295,0.0001997274676612931
5,10248,0.00069697561848443,0.00019972692999590142
5,10258,0.0006537007473525591,0.00019972639180139084
5,10268,0.0004938632147968747,0.00019972585307776418
5,10278,0.0004441570410563145,0.00019972531382502428
5,10288,0.00042702371720224617,0.00019972477404317404
5,10298,0.0003860528348013758,0.00019972423373221636
5,10308,0.0004824904477573,0.00019972369289215415
5,10318,0.000446909337915713,0.00019972315152299018
5,10328,0.0004529074307356496,0.00019972260962472738
5,10338,0.0004360264108981937,0.0001997220671973686
5,10348,0.0004273653350537643,0.00019972152424091664
5,10358,0.00042900637490674855,0.00019972098075537445
5,10368,0.00040091225018841216,0.00019972043674074496
5,10378,0.0004478364222450182,0.00019971989219703105
5,10388,0.00048438976518809794,0.00019971934712423553
5,10398,0.00045073492219671607,0.00019971880152236135
5,10408,0.00045421252725645904,0.00019971825539141146
5,10418,0.0004587085502862464,0.0001997177087313886
5,10428,0.00037572413275483997,0.00019971716154229573
5,10438,0.00041333773551741613,0.00019971661382413582
5,10448,0.00039126235642470417,0.00019971606557691178
5,10458,0.0003971483689383604,0.00019971551680062643
5,10468,0.0004359679711342324,0.0001997149674952828
5,10478,0.0004385774693218991,0.0001997144176608837
5,10488,0.0003933062864234671,0.00019971386729743205
5,10498,0.0004938352358294651,0.0001997133164049308
5,10508,0.0004435460206877905,0.0001997127649833829
5,10518,0.0005431893230706919,0.0001997122130327912
5,10528,0.0004544197741779499,0.00019971166055315873
5,10538,0.00045114332024240864,0.00019971110754448836
5,10548,0.0004190674691926688,0.000199710554006783
5,10558,0.0004371702052594628,0.00019970999994004568
5,10568,0.0003802706574788317,0.00019970944534427928
5,10578,0.000380779155966593,0.00019970889021948674
5,10588,0.0004320468877267558,0.00019970833456567098
5,10598,0.0003729670257598627,0.00019970777838283497
5,10608,0.0003652880579466,0.00019970722167098165
5,10618,0.0004354718701506499,0.00019970666443011403
5,10628,0.0004488443672016729,0.00019970610666023502
5,10638,0.00040276962245116015,0.0001997055483613476
5,10648,0.00039218250603880735,0.00019970498953345467
5,10658,0.00037810541034559724,0.00019970443017655923
5,10668,0.0003898986811691429,0.00019970387029066435
5,10678,0.00039426624425686896,0.00019970330987577285
5,10688,0.00047928769708960317,0.00019970274893188776
5,10698,0.00048094654048327353,0.00019970218745901213
5,10708,0.00040684700215933847,0.00019970162545714882
5,10718,0.00040298718522535637,0.0001997010629263008
5,10728,0.0003760803447221406,0.00019970049986647122
5,10738,0.00040636510821059343,0.00019969993627766294
5,10748,0.00041899827192537487,0.000199699372159879
5,10758,0.00047969762599677776,0.00019969880751312229
5,10768,0.00048226120779872874,0.0001996982423373959
5,10778,0.0004500829432799947,0.0001996976766327029
5,10785,0.00041137248003256634,0.00019969728032468418
5,validation,0.00035851977931894663,0.00019969728032468418
6,10795,0.00044019681008649063,0.00019969671372075464
6,10805,0.0003931608487619087,0.00019969614658786654
6,10815,0.00038062788371462375,0.00019969557892602282
6,10825,0.00040254617633763703,0.00019969501073522654
6,10835,0.0004690833135100547,0.00019969444201548068
6,10845,0.0005552335489483084,0.00019969387276678828
6,10855,0.0005259091056359467,0.00019969330298915246
6,10865,0.0004577550571411848,0.00019969273268257605
6,10875,0.0004282754169253167,0.0001996921618470622
6,10885,0.0005309099389705807,0.00019969159048261395
6,10895,0.00044201535638421774,0.00019969101858923426
6,10905,0.00043773786892415957,0.00019969044616692617
6,10915,0.00040323344874195757,0.00019968987321569275
6,10925,0.00040921489344327713,0.00019968929973553708
6,10935,0.000494746871117968,0.00019968872572646214
6,10945,0.000462993819382973,0.00019968815118847103
6,10955,0.00039353563406621103,0.00019968757612156673
6,10965,0.0003895925954566338,0.00019968700052575236
6,10975,0.0004217338893795386,0.0001996864244010309
6,10985,0.0003959190951718483,0.0001996858477474055
6,10995,0.0003925874159904197,0.0001996852705648791
6,11005,0.00039233262941706926,0.00019968469285345486
6,11015,0.0003938297079002951,0.00019968411461313584
6,11025,0.0003832425078144297,0.0001996835358439251
6,11035,0.00040410864603472867,0.00019968295654582553
6,11045,0.00038053625175962227,0.00019968237671884047
6,11055,0.00043868172069778667,0.00019968179636297296
6,11065,0.0003998494525148999,0.00019968121547822592
6,11075,0.0003867864303174429,0.00019968063406460248
6,11085,0.00037704106362070885,0.00019968005212210588
6,11095,0.0003945479627873283,0.00019967946965073903
6,11105,0.00038853574296808806,0.00019967888665050506
6,11115,0.000382909101608675,0.0001996783031214071
6,11125,0.00040855828337953425,0.00019967771906344826
6,11135,0.00038452246808446945,0.00019967713447663167
6,11145,0.0004701930221926887,0.0001996765493609603
6,11155,0.0004525031996308826,0.00019967596371643732
6,11165,0.00044993499031988906,0.00019967537754306584
6,11175,0.00045140619185986004,0.00019967479084084902
6,11185,0.0004469620434974786,0.00019967420360978994
6,11195,0.00041938053036574276,0.00019967361584989166
6,11205,0.0004103561550437007,0.00019967302756115733
6,11215,0.0004587013580021448,0.0001996724387435901
6,11225,0.0005012442496081349,0.00019967184939719313
6,11235,0.0004280212662706617,0.0001996712595219694
6,11245,0.000523634836281417,0.00019967066911792217
6,11255,0.0004757389709993731,0.00019967007818505456
6,11265,0.00040399580248049464,0.00019966948672336965
6,11275,0.0004048261740535963,0.00019966889473287062
6,11285,0.00039061670322553254,0.00019966830221356064
6,11295,0.00038875913123774807,0.00019966770916544278
6,11305,0.00037741616397397594,0.00019966711558852023
6,11315,0.0003681766349473037,0.00019966652148279616
6,11325,0.00036007011367473747,0.00019966592684827371
6,11335,0.0003513349853164982,0.00019966533168495594
6,11345,0.00041392161147086877,0.00019966473599284613
6,11355,0.00037565101301879623,0.00019966413977194738
6,11365,0.0003934489643143024,0.0001996635430222629
6,11375,0.00038155655784066767,0.00019966294574379578
6,11385,0.00042283529255655595,0.00019966234793654923
6,11395,0.0004251588907209225,0.00019966174960052644
6,11405,0.00040898666557040995,0.0001996611507357306
6,11415,0.00037867212304263374,0.00019966055134216484
6,11425,0.00035576638838392683,0.0001996599514198324
6,11435,0.0004215466695313807,0.0001996593509687363
6,11445,0.0004126521642319858,0.00019965874998887994
6,11455,0.0004140411503612995,0.00019965814848026648
6,11465,0.0003713473975949455,0.000199657546442899
6,11475,0.00037535722003667615,0.00019965694387678062
6,11485,0.0003938279420253821,0.00019965634078191475
6,11495,0.0003534004288667348,0.0001996557371583045
6,11505,0.00036467278478085057,0.0001996551330059531
6,11515,0.00038234745879890393,0.0001996545283248637
6,11525,0.000478423600725364,0.0001996539231150395
6,11535,0.00046042114554438744,0.00019965331737648378
6,11545,0.00044670689749182197,0.00019965271110919971
6,11555,0.00043530056864256035,0.00019965210431319055
6,11565,0.00039770815346855675,0.0001996514969884595
6,11575,0.0004276656174624805,0.0001996508891350097
6,11585,0.0005171567034267354,0.00019965028075284442
6,11595,0.0005271753696433734,0.00019964967184196695
6,11605,0.00048479152756044643,0.00019964906240238045
6,11615,0.0004355612349172589,0.00019964845243408824
6,11625,0.0003888423438183963,0.00019964784193709354
6,11635,0.0003893754445016384,0.00019964723091139947
6,11645,0.00039607636790606193,0.00019964661935700938
6,11655,0.0004165346683294047,0.0001996460072739265
6,11665,0.0004056307749124244,0.0001996453946621541
6,11675,0.00043250642120256093,0.00019964478152169533
6,11685,0.0003884181380271911,0.00019964416785255362
6,11695,0.0004186999758530874,0.00019964355365473198
6,11705,0.00040827366829034875,0.00019964293892823384
6,11715,0.0004413498107169289,0.00019964232367306243
6,11725,0.000404830292245606,0.00019964170788922106
6,11735,0.0003984592818596866,0.00019964109157671295
6,11745,0.00042860350004048087,0.00019964047473554138
6,11755,0.000458275312121259,0.00019963985736570956
6,11765,0.00040550926642026754,0.0001996392394672208
6,11775,0.0003788588408497163,0.00019963862104007844
6,11785,0.0003969606746977661,0.00019963800208428568
6,11795,0.0004573620164592284,0.0001996373825998458
6,11805,0.0004255111845850479,0.00019963676258676218
6,11815,0.0004157744748226833,0.00019963614204503803
6,11825,0.0004114295967156067,0.0001996355209746767
6,11835,0.00042157699717790823,0.0001996348993756814
6,11845,0.0003680214089399669,0.0001996342772480555
6,11855,0.0003856118630210404,0.00019963365459180226
6,11865,0.0004435362534422893,0.00019963303140692497
6,11875,0.0004197746216959786,0.00019963240769342702
6,11885,0.0004154913542151917,0.00019963178345131164
6,11895,0.00039922529904288243,0.00019963115868058218
6,11905,0.0004219140530040022,0.00019963053338124196
6,11915,0.0004722431025584228,0.0001996299075532943
6,11925,0.0004231725368299521,0.00019962928119674254
6,11935,0.0004941856925142929,0.00019962865431158992
6,11945,0.0004839060020458419,0.0001996280268978398
6,11955,0.00045061676719342363,0.00019962739895549558
6,11965,0.0004038837425468955,0.00019962677048456054
6,11975,0.0004827465883863624,0.00019962614148503794
6,11985,0.0004841905640205369,0.00019962551195693126
6,11995,0.0005241190498054492,0.0001996248819002437
6,12005,0.00043587353793554944,0.00019962425131497867
6,12015,0.0004045150373713113,0.00019962362020113956
6,12025,0.00041186954404111016,0.00019962298855872966
6,12035,0.00041245022148359565,0.00019962235638775237
6,12045,0.0004255340652889573,0.0001996217236882109
6,12055,0.0003859131633362267,0.00019962109046010876
6,12065,0.00038428932675742543,0.00019962045670344925
6,12075,0.0003827438231382985,0.00019961982241823575
6,12085,0.0003940676702768542,0.00019961918760447164
6,12095,0.00040408534914604394,0.00019961855226216025
6,12105,0.0004122218830161728,0.00019961791639130507
6,12115,0.00036829956152359953,0.0001996172799919093
6,12125,0.00037949295438011177,0.0001996166430639764
6,12135,0.00039005973012535834,0.00019961600560750974
6,12145,0.0004587600960803684,0.00019961536762251272
6,12155,0.00043692701801774093,0.00019961472910898868
6,12165,0.0004283645990653895,0.000199614090066941
6,12175,0.00036620652026613236,0.00019961345049637313
6,12185,0.0003940933311241679,0.00019961281039728842
6,12195,0.00039267817701329474,0.00019961216976969038
6,12205,0.000478566496167332,0.00019961152861358233
6,12215,0.00048197881042142396,0.00019961088692896755
6,12225,0.0004126629020902328,0.0001996102447158496
6,12235,0.00046495566857629456,0.00019960960197423183
6,12245,0.00040950641487143004,0.00019960895870411768
6,12255,0.0004249802659614943,0.00019960831490551054
6,12265,0.00039882186101749536,0.00019960767057841376
6,12275,0.0003940122871426865,0.00019960702572283093
6,12285,0.0003989086617366411,0.00019960638033876532
6,12295,0.00038121201650938015,0.0001996057344262204
6,12305,0.0003667523567855824,0.00019960508798519966
6,12315,0.00040417776181129734,0.00019960444101570647
6,12325,0.0004135950090130791,0.0001996037935177442
6,12335,0.0004122565791476518,0.00019960314549131633
6,12345,0.0004002929686976131,0.00019960249693642628
6,12355,0.00038655931857647376,0.00019960184785307756
6,12365,0.0004206526493362617,0.00019960119824127365
6,12375,0.0004105664433154743,0.0001996005481010179
6,12385,0.00042737256662803705,0.00019959989743231378
6,12395,0.0004433293339388911,0.00019959924623516473
6,12405,0.0003908873004547786,0.00019959859450957424
6,12415,0.00034273149067303165,0.00019959794225554576
6,12425,0.00040562760259490457,0.00019959728947308272
6,12435,0.0003900688279827591,0.00019959663616218862
6,12445,0.0003776484671107028,0.0001995959823228669
6,12455,0.0003729395531991031,0.0001995953279551211
6,12465,0.00037882307151448913,0.00019959467305895459
6,12475,0.000427531994500896,0.00019959401763437084
6,12485,0.0004460213407583069,0.00019959336168137346
6,12495,0.00048681649641366673,0.00019959270519996587
6,12505,0.00040781484058243227,0.00019959204819015142
6,12515,0.0004226836666930467,0.00019959139065193373
6,12525,0.00040197411726694554,0.00019959073258531623
6,12535,0.00038273091413429936,0.00019959007399030252
6,12545,0.00046660959196742624,0.00019958941486689595
6,12555,0.0004135620991291944,0.00019958875521510015
6,12565,0.0004104750732949469,0.00019958809503491855
6,12575,0.00038726240600226445,0.00019958743432635468
6,12585,0.0005569963053858373,0.000199586773089412
6,12595,0.0004823009527171962,0.00019958611132409406
6,12605,0.000497269877087092,0.0001995854490304043
6,12615,0.00044906091716256924,0.00019958478620834628
6,12625,0.0004320341504353564,0.00019958412285792361
6,12635,0.00035869781640940346,0.00019958345897913966
6,12645,0.0004300535598304123,0.00019958279457199806
6,12655,0.00038869972559041344,0.00019958212963650223
6,12665,0.00038384253275580704,0.00019958146417265577
6,12675,0.0003967801101680379,0.00019958079818046222
6,12685,0.00036292810109443956,0.00019958013165992505
6,12695,0.0004217432557197753,0.00019957946461104784
6,12705,0.0004166705242823809,0.00019957879703383417
6,12715,0.00044945844929316085,0.0001995781289282876
6,12725,0.00044074098259443416,0.00019957746029441154
6,12735,0.00040779942937660966,0.0001995767911322096
6,12745,0.00039343043754342945,0.00019957612144168538
6,12755,0.00038460783107439054,0.00019957545122284233
6,12765,0.00040677784127183256,0.00019957478047568416
6,12775,0.00040654033145983706,0.0001995741092002143
6,12785,0.00041972981343860736,0.00019957343739643635
6,12795,0.00043738381864386614,0.0001995727650643539
6,12805,0.0004487808211706579,0.00019957209220397047
6,12815,0.00040055147183011287,0.00019957141881528964
6,12825,0.0003954909094318282,0.00019957074489831503
6,12835,0.0004156190341745969,0.00019957007045305015
6,12845,0.0004122200960409827,0.00019956939547949865
6,12855,0.00038114976123324593,0.00019956871997766406
6,12865,0.0007765131595078856,0.0001995680439475499
6,12875,0.0005313282606948633,0.00019956736738915992
6,12885,0.00044461195357143875,0.0001995666903024976
6,12895,0.00040965053049148994,0.00019956601268756655
6,12905,0.00038261039953795266,0.00019956533454437041
6,12915,0.00041973973202402703,0.00019956465587291273
6,12925,0.00046149671252351256,0.0001995639766731971
6,12935,0.00041680273643578407,0.00019956329694522718
6,12942,0.00041723553398956677,0.00019956282082133882
6,validation,0.0003591444851750731,0.00019956282082133882
7,12952,0.0004228592530125752,0.00019956214019534478
7,12962,0.00037740704356110656,0.00019956145904110613
7,12972,0.0003792107330809813,0.00019956077735862655
7,12982,0.0003655428678030148,0.0001995600951479096
7,12992,0.000448318145936355,0.0001995594124089589
7,13002,0.0004337144790042657,0.00019955872914177814
7,13012,0.00041412338759982964,0.000199558045346371
7,13022,0.0004178806040727068,0.00019955736102274092
7,13032,0.0003948635843698867,0.00019955667617089153
7,13042,0.00039181466636364345,0.0001995559907908266
7,13052,0.0003830550303973723,0.00019955530488254968
7,13062,0.000418020888173487,0.00019955461844606447
7,13072,0.00037165311368880793,0.00019955393148137453
7,13082,0.00039716708924970585,0.00019955324398848365
7,13092,0.0004079186328453943,0.00019955255596739536
7,13102,0.00040078983292914924,0.00019955186741811326
7,13112,0.00039887493694550357,0.00019955117834064115
7,13122,0.0003804850792221259,0.00019955048873498258
7,13132,0.00036685790255432945,0.0001995497986011413
7,13142,0.000393419115425786,0.00019954910793912092
7,13152,0.0003724044014234096,0.00019954841674892508
7,13162,0.0004180945295956917,0.00019954772503055746
7,13172,0.0003860972341499291,0.00019954703278402168
7,13182,0.0003969203280576039,0.0001995463400093215
7,13192,0.00039600783056812364,0.00019954564670646057
7,13202,0.00035495305346557867,0.00019954495287544263
7,13212,0.0003574905662389938,0.0001995442585162713
7,13222,0.00048408657166874034,0.00019954356362895026
7,13232,0.00042865604918915776,0.00019954286821348318
7,13242,0.0004100903825019486,0.00019954217226987375
7,13252,0.00039039478142512964,0.00019954147579812572
7,13262,0.0003842982783680782,0.00019954077879824278
7,13272,0.000387211578345159,0.0001995400812702285
7,13282,0.0003849949527648278,0.00019953938321408667
7,13292,0.0003736154569196515,0.00019953868462982104
7,13302,0.00038421491917688404,0.00019953798551743528
7,13312,0.0003615279121731874,0.00019953728587693303
7,13322,0.00041158834719681183,0.00019953658570831816
7,13332,0.00039160626402008343,0.00019953588501159423
7,13342,0.00042977711491403174,0.00019953518378676497
7,13352,0.0004275228471669834,0.00019953448203383423
7,13362,0.00035979459717054856,0.0001995337797528056
7,13372,0.000338000548799755,0.0001995330769436829
7,13382,0.0003601953569159378,0.0001995323736064698
7,13392,0.0004033065444673411,0.00019953166974117005
7,13402,0.0003708289033966139,0.00019953096534778742
7,13412,0.0003777507714403328,0.0001995302604263255
7,13422,0.0003847078238322865,0.00019952955497678826
7,13432,0.00036006137670483443,0.0001995288489991793
7,13442,0.0003567978230421431,0.00019952814249350235
7,13452,0.00040660172962816434,0.00019952743545976118
7,13462,0.0003609280705859419,0.00019952672789795965
7,13472,0.00033988556824624536,0.0001995260198081013
7,13482,0.0003465710171440151,0.00019952531119019016
7,13492,0.0004323648994613905,0.0001995246020442297
7,13502,0.0003860891105432529,0.0001995238923702239
7,13512,0.0003903716198692564,0.0001995231821681764
7,13522,0.0004175225825747475,0.00019952247143809106
7,13532,0.00040405146282864737,0.00019952176017997157
7,13542,0.0003661841379653197,0.00019952104839382178
7,13552,0.00038572433841181923,0.00019952033607964538
7,13562,0.000374576934700599,0.00019951962323744616
7,13572,0.0004024419831694104,0.00019951890986722798
7,13582,0.0004493194632232189,0.00019951819596899457
7,13592,0.0003972651262301952,0.00019951748154274973
7,13602,0.0003795835822529625,0.00019951676658849728
7,13612,0.00037650133963325057,0.000199516051106241
7,13622,0.0004058632090163883,0.00019951533509598467
7,13632,0.0003513482013659086,0.000199514618557732
7,13642,0.0004021671033115126,0.00019951390149148694
7,13652,0.00042454402282601225,0.00019951318389725323
7,13662,0.00040689865563763304,0.0001995124657750347
7,13672,0.0003746924943698104,0.00019951174712483512
7,13682,0.00038298160943668337,0.00019951102794665842
7,13692,0.00046133246432873416,0.0001995103082405082
7,13702,0.0004859271510213148,0.00019950958800638838
7,13712,0.0004429979875567369,0.00019950886724430286
7,13722,0.0003846586150757503,0.0001995081459542554
7,13732,0.00036874502256978303,0.00019950742413624986
7,13742,0.0004070091330504511,0.00019950670179029
7,13752,0.0003926305544155184,0.00019950597891637967
7,13762,0.0004197765847493429,0.00019950525551452284
7,13772,0.00036439324467210096,0.00019950453158472321
7,13782,0.00036882681670249437,0.00019950380712698457
7,13792,0.0003749430710740853,0.00019950308214131083
7,13802,0.0003776467296120245,0.00019950235662770594
7,13812,0.00041336377180414277,0.00019950163058617368
7,13822,0.00042227708399877883,0.00019950090401671785
7,13832,0.0003944943258829881,0.00019950017691934232
7,13842,0.0005530950795218815,0.000199499449294051
7,13852,0.000571579117240617,0.00019949872114084766
7,13862,0.0004458156916371081,0.0001994979924597362
7,13872,0.0004108945693587884,0.00019949726325072057
7,13882,0.00033604487834963946,0.00019949653351380452
7,13892,0.0003486264708044473,0.000199495803248992
7,13902,0.0003836230032902676,0.00019949507245628682
7,13912,0.0004129290442506317,0.00019949434113569295
7,13922,0.0004058109858306125,0.00019949360928721424
7,13932,0.0003972815378801897,0.00019949287691085448
7,13942,0.0005292490284773521,0.00019949214400661773
7,13952,0.0009452693979255855,0.00019949141057450768
7,13962,0.000991891471494455,0.0001994906766145283
7,13972,0.0006094342614233029,0.00019948994212668354
7,13982,0.00045644498022738843,0.00019948920711097725
7,13992,0.00042785815603565427,0.00019948847156741334
7,14002,0.0004701215984823648,0.00019948773549599574
7,14012,0.00041305893391836436,0.00019948699889672832
7,14022,0.0004220725342747755,0.00019948626176961493
7,14032,0.000369247309572529,0.00019948552411465958
7,14042,0.0004502855234022718,0.00019948478593186607
7,14052,0.0004145299164520111,0.00019948404722123844
7,14062,0.0004059849052282516,0.0001994833079827806
7,14072,0.00039927610996528525,0.00019948256821649644
7,14082,0.00042002394256996923,0.00019948182792238988
7,14092,0.0003719609812833369,0.00019948108710046475
7,14102,0.00041636295936768873,0.00019948034575072518
7,14112,0.0004172566645138431,0.00019947960387317495
7,14122,0.0004331912561610807,0.00019947886146781806
7,14132,0.00041589805186958984,0.00019947811853465846
7,14142,0.0003882235730998218,0.00019947737507370006
7,14152,0.0003506158587697428,0.00019947663108494678
7,14162,0.0004539541019767057,0.0001994758865684026
7,14172,0.0004219631126034073,0.0001994751415240716
7,14182,0.0003683102666400373,0.00019947439595195752
7,14192,0.0004566812538541853,0.00019947364985206436
7,14202,0.00038810640107840295,0.00019947290322439615
7,14212,0.000433917403279338,0.0001994721560689568
7,14222,0.0003927492318325676,0.0001994714083857503
7,14232,0.0004020003645564429,0.00019947066017478058
7,14242,0.0004047465954499785,0.00019946991143605166
7,14252,0.0004331626078055706,0.0001994691621695675
7,14262,0.00039119592911447394,0.0001994684123753321
7,14272,0.0004955784592311829,0.00019946766205334936
7,14282,0.0004466798614885192,0.00019946691120362333
7,14292,0.0004077748249983415,0.00019946615982615795
7,14302,0.0003481745428871363,0.0001994654079209573
7,14312,0.00040023161491262724,0.0001994646554880252
7,14322,0.00041131549514830115,0.0001994639025273658
7,14332,0.0004138375945331063,0.00019946314903898302
7,14342,0.00040463164114044046,0.00019946239502288086
7,14352,0.00037362706643762067,0.00019946164047906337
7,14362,0.00041866371102514675,0.00019946088540753447
7,14372,0.0003651459810498636,0.00019946012980829824
7,14382,0.0003824495986918919,0.00019945937368135867
7,14392,0.0003767704431083985,0.00019945861702671974
7,14402,0.000358559301821515,0.0001994578598443855
7,14412,0.00036017203237861397,0.00019945710213435997
7,14422,0.0003859421820379794,0.00019945634389664712
7,14432,0.00040885271446313706,0.00019945558513125098
7,14442,0.0004226489560096525,0.00019945482583817568
7,14452,0.00039253859722521156,0.00019945406601742512
7,14462,0.0004003210837254301,0.00019945330566900336
7,14472,0.0003975843974330928,0.00019945254479291448
7,14482,0.0003928284160792828,0.00019945178338916244
7,14492,0.0004288904921850189,0.00019945102145775139
7,14502,0.000430406480882084,0.00019945025899868534
7,14512,0.00046691492025274783,0.00019944949601196827
7,14522,0.000409890127775725,0.0001994487324976043
7,14532,0.0004023495101137087,0.0001994479684555975
7,14542,0.0004020798711280804,0.00019944720388595183
7,14552,0.0003683175935293548,0.00019944643878867137
7,14562,0.0006613729310629424,0.0001994456731637602
7,14572,0.0006043695517291781,0.0001994449070112224
7,14582,0.0004939001395541709,0.000199444140331062
7,14592,0.0004681838683609385,0.00019944337312328313
7,14602,0.00040906901194830424,0.00019944260538788986
7,14612,0.0004318501079978887,0.00019944183712488608
7,14622,0.0003966862590459641,0.00019944106833427605
7,14632,0.0003827503074717242,0.00019944029901606386
7,14642,0.00037658420696971005,0.0001994395291702535
7,14652,0.0003693140846735332,0.00019943875879684914
7,14662,0.0003669835903565399,0.00019943798789585473
7,14672,0.00036588290531653907,0.00019943721646727445
7,14682,0.00046959411411080505,0.00019943644451111245
7,14692,0.00039164575500763024,0.00019943567202737272
7,14702,0.0004901533160591498,0.00019943489901605945
7,14712,0.00044327251598588193,0.00019943412547717668
7,14722,0.00046161899153958076,0.0001994333514107285
7,14732,0.0004538661538390443,0.0001994325768167191
7,14742,0.00041829785259324127,0.00019943180169515256
7,14752,0.0003778670958126895,0.00019943102604603295
7,14762,0.0004397966535179876,0.0001994302498693644
7,14772,0.00038362187406164593,0.000199429473165151
7,14782,0.00037376611144281926,0.00019942869593339693
7,14792,0.00043062094046035775,0.00019942791817410629
7,14802,0.00043342121134628544,0.00019942713988728317
7,14812,0.00043626695332932286,0.00019942636107293178
7,14822,0.00040922432744991963,0.00019942558173105616
7,14832,0.0003990280289144721,0.00019942480186166056
7,14842,0.000371529241965618,0.00019942402146474897
7,14852,0.00037402457819553093,0.0001994232405403257
7,14862,0.00040552299760747694,0.00019942245908839473
7,14872,0.0004363795873359777,0.00019942167710896026
7,14882,0.0004294989725167397,0.00019942089460202658
7,14892,0.0003826558531727642,0.00019942011156759767
7,14902,0.00035918306020903405,0.00019941932800567774
7,14912,0.0003592171182390302,0.00019941854391627097
7,14922,0.0003699438238982111,0.00019941775929938142
7,14932,0.00036908295223838646,0.00019941697415501333
7,14942,0.0003617093650973402,0.0001994161884831709
7,14952,0.00036898884936817925,0.00019941540228385828
7,14962,0.00038162132477737026,0.0001994146155570796
7,14972,0.0003657639244920574,0.00019941382830283906
7,14982,0.0003897506001521833,0.0001994130405211408
7,14992,0.0004144125698076096,0.000199412252211989
7,15002,0.00040968122048070656,0.0001994114633753879
7,15012,0.00039198277590912767,0.00019941067401134168
7,15022,0.0003761225598282181,0.00019940988411985448
7,15032,0.0003741999382327777,0.00019940909370093056
7,15042,0.00038301420499919914,0.00019940830275457405
7,15052,0.0004230211510730442,0.0001994075112807891
7,15062,0.00042021726985694844,0.00019940671927958005
7,15072,0.0004341162493801676,0.000199405926750951
7,15082,0.0004223602496495005,0.00019940513369490624
7,15092,0.00042686196102295073,0.0001994043401114499
7,15099,0.0004148038860876113,0.00019940378428922286
7,validation,0.0003794984207552644,0.00019940378428922286
8,15109,0.00038155050351633695,0.00019940298980917652
8,15119,0.0003667461889563129,0.00019940219480173003
8,15129,0.00040075338474707676,0.0001994013992668875
8,15139,0.0004627356414857786,0.0001994006032046532
8,15149,0.0003982501410064287,0.00019939980661503142
8,15159,0.0003882476958096958,0.00019939900949802642
8,15169,0.00040378200865234245,0.00019939821185364234
8,15179,0.00039296676623052913,0.0001993974136818834
8,15189,0.0003929205988242757,0.0001993966149827539
8,15199,0.00042327723931521175,0.00019939581575625795
8,15209,0.00044098577345721426,0.00019939501600239995
8,15219,0.0004912901917123236,0.00019939421572118403
8,15229,0.00045345785474637523,0.0001993934149126145
8,15239,0.00038816888627479784,0.00019939261357669561
8,15249,0.0003906599420588463,0.00019939181171343154
8,15259,0.000392072166869184,0.00019939100932282662
8,15269,0.0004170265317952726,0.00019939020640488507
8,15279,0.0004116111544135492,0.0001993894029596111
8,15289,0.0003912233529263176,0.0001993885989870091
8,15299,0.0004278910266293679,0.00019938779448708333
8,15309,0.00038412009744206446,0.00019938698945983792
8,15319,0.00037699804379371927,0.00019938618390527723
8,15329,0.0003786062894505449,0.00019938537782340557
8,15339,0.00041498637219774534,0.00019938457121422714
8,15349,0.0004407073523907457,0.00019938376407774628
8,15359,0.00045704991571255955,0.00019938295641396718
8,15369,0.00041854459923342804,0.00019938214822289423
8,15379,0.000370597185974475,0.00019938133950453166
8,15389,0.00041872914152918383,0.00019938053025888384
8,15399,0.00038869582567713223,0.0001993797204859549
8,15409,0.0004025685404485557,0.00019937891018574925
8,15419,0.0003984756105637644,0.00019937809935827118
8,15429,0.00038023481538402844,0.00019937728800352496
8,15439,0.00037783988591399975,0.00019937647612151493
8,15449,0.0003812512550211977,0.00019937566371224546
8,15459,0.0003886612525093369,0.00019937485077572073
8,15469,0.0004279071195924189,0.0001993740373119452
8,15479,0.0003970168581872713,0.00019937322332092304
8,15489,0.00036451397099881435,0.00019937240880265868
8,15499,0.0003515673473884817,0.00019937159375715634
8,15509,0.0003902429823938291,0.00019937077818442042
8,15519,0.0003519977020914666,0.00019936996208445517
8,15529,0.0003490111339488066,0.00019936914545726502
8,15539,0.00035188433321309276,0.00019936832830285423
8,15549,0.00035948477234342134,0.00019936751062122723
8,15559,0.00041020828939508647,0.0001993666924123882
8,15569,0.00039296164031838994,0.00019936587367634157
8,15579,0.000391306150413584,0.00019936505441309172
8,15589,0.0004220171729684807,0.000199364234622643
8,15599,0.00039397818327415737,0.00019936341430499966
8,15609,0.00040571886129328046,0.00019936259346016612
8,15619,0.00039475917219533585,0.00019936177208814678
8,15629,0.0003981453097367194,0.00019936095018894593
8,15639,0.00039859538883320057,0.00019936012776256793
8,15649,0.0003796572891587857,0.0001993593048090171
8,15659,0.0003934347238100599,0.0001993584813282979
8,15669,0.00037965667215758005,0.00019935765732041473
8,15679,0.00043384681775933127,0.00019935683278537184
8,15689,0.0004462090604647528,0.00019935600772317367
8,15699,0.000504391974391183,0.00019935518213382456
8,15709,0.00043445024857646786,0.00019935435601732896
8,15719,0.0004211572799249552,0.00019935352937369106
8,15729,0.0004468679391720798,0.00019935270220291555
8,15739,0.00045964508753968406,0.0001993518745050066
8,15749,0.0004533920589892659,0.00019935104627996874
8,15759,0.00037408290445455343,0.00019935021752780628
8,15769,0.00034913568961201233,0.00019934938824852364
8,15779,0.00034745536904665645,0.00019934855844212516
8,15789,0.0003750431555090472,0.0001993477281086153
8,15799,0.00039375722335535104,0.00019934689724799843
8,15809,0.00034755624001263645,0.00019934606586027902
8,15819,0.0003978593136707786,0.00019934523394546147
8,15829,0.00035279479270684534,0.00019934440150355011
8,15839,0.00041316760689369403,0.0001993435685345495
8,15849,0.0003671644502901472,0.00019934273503846396
8,15859,0.0004057617006765213,0.00019934190101529795
8,15869,0.00036666638552560474,0.00019934106646505583
8,15879,0.00040350364361074753,0.00019934023138774203
8,15889,0.00037492357078008356,0.00019933939578336104
8,15899,0.00036007572416565383,0.0001993385596519173
8,15909,0.00040198389324359597,0.00019933772299341528
8,15919,0.0004230663704220205,0.00019933688580785935
8,15929,0.0003724382069776766,0.000199336048095254
8,15939,0.00036523161106742923,0.00019933520985560352
8,15949,0.0003906733916664962,0.00019933437108891254
8,15959,0.00036419276802917005,0.0001993335317951854
8,15969,0.0003590721113141626,0.00019933269197442666
8,15979,0.0005145199509570375,0.00019933185162664067
8,15989,0.00047305267289630135,0.000199331010751832
8,15999,0.00046590705023845657,0.000199330169350005
8,16009,0.00041341784526593983,0.0001993293274211642
8,16019,0.00038716875205864194,0.00019932848496531403
8,16029,0.00038487750207423234,0.00019932764198245898
8,16039,0.0003730361728230491,0.00019932679847260357
8,16049,0.00037765681117889465,0.00019932595443575212
8,16059,0.0003673186132800765,0.0001993251098719092
8,16069,0.00037876360584050423,0.00019932426478107938
8,16079,0.00038245061223278747,0.000199323419163267
8,16089,0.0003900448202330154,0.00019932257301847662
8,16099,0.0003526840650010854,0.0001993217263467127
8,16109,0.0004040154475660529,0.00019932087914797985
8,16119,0.0003950174628698733,0.00019932003142228243
8,16129,0.00042365479894215243,0.00019931918316962497
8,16139,0.0004087962763151154,0.00019931833439001202
8,16149,0.0004132124166062567,0.00019931748508344795
8,16159,0.0003988340438809246,0.00019931663524993742
8,16169,0.00035226783511461686,0.00019931578488948485
8,16179,0.00036508416887954804,0.00019931493400209487
8,16189,0.00036004042049171404,0.00019931408258777182
8,16199,0.000377556503372034,0.0001993132306465203
8,16209,0.00038099919402156956,0.0001993123781783449
8,16219,0.0004411840403918177,0.00019931152518325
8,16229,0.00040573678743385246,0.00019931067166124023
8,16239,0.0003643889700470026,0.00019930981761232005
8,16249,0.0003731863311259076,0.0001993089630364941
8,16259,0.00039923948643263426,0.0001993081079337668
8,16269,0.00040128676264430393,0.00019930725230414271
8,16279,0.0003710396740643773,0.00019930639614762637
8,16289,0.0003691277030156925,0.00019930553946422233
8,16299,0.000365873515693238,0.00019930468225393518
8,16309,0.00038915597033337693,0.00019930382451676943
8,16319,0.0004394433715788182,0.00019930296625272965
8,16329,0.00035020819850615224,0.00019930210746182042
8,16339,0.00039902530552353714,0.00019930124814404623
8,16349,0.0004272524995030835,0.0001993003882994117
8,16359,0.0004384019921417348,0.0001992995279279213
8,16369,0.0004005993585451506,0.00019929866702957973
8,16379,0.0003819758145255037,0.00019929780560439138
8,16389,0.00035205712265451433,0.00019929694365236093
8,16399,0.00037143121444387366,0.000199296081173493
8,16409,0.0003717767896887381,0.00019929521816779212
8,16419,0.00041128756492980756,0.0001992943546352628
8,16429,0.0004560973902698606,0.0001992934905759097
8,16439,0.000444174087169813,0.00019929262598973737
8,16449,0.0004354679993411992,0.00019929176087675043
8,16459,0.0004017147606646176,0.00019929089523695347
8,16469,0.0004067782436322886,0.00019929002907035108
8,16479,0.00039026644953992217,0.0001992891623769478
8,16489,0.00038100336823845284,0.0001992882951567483
8,16499,0.0003597359005652834,0.0001992874274097571
8,16509,0.000382772643934004,0.00019928655913597888
8,16519,0.00036614662822103127,0.00019928569033541814
8,16529,0.0003697534099046606,0.00019928482100807965
8,16539,0.0003841627883957699,0.00019928395115396795
8,16549,0.0003902081516571343,0.0001992830807730876
8,16559,0.0004220621383865364,0.00019928220986544334
8,16569,0.0003932948835426942,0.00019928133843103964
8,16579,0.00042023193745990286,0.00019928046646988125
8,16589,0.00040384786407230425,0.00019927959398197273
8,16599,0.0004010326229035855,0.00019927872096731878
8,16609,0.00037732032433268614,0.0001992778474259239
8,16619,0.0003507448702293913,0.0001992769733577928
8,16629,0.0003895832283888012,0.00019927609876293015
8,16639,0.00047424409567611294,0.0001992752236413405
8,16649,0.00042017146479338406,0.00019927434799302862
8,16659,0.0003878904848534148,0.00019927347181799906
8,16669,0.00039095435713534246,0.00019927259511625653
8,16679,0.00043015184783143926,0.00019927171788780565
8,16689,0.0003825518404482864,0.00019927084013265104
8,16699,0.0004013824596768245,0.00019926996185079735
8,16709,0.0003937371315259952,0.00019926908304224934
8,16719,0.0003937513225537259,0.0001992682037070116
8,16729,0.00036349767979118044,0.0001992673238450888
8,16739,0.0003827279972028919,0.00019926644345648562
8,16749,0.00044781382675864736,0.00019926556254120674
8,16759,0.0004149914471781813,0.0001992646810992569
8,16769,0.0004273375576303806,0.0001992637991306406
8,16779,0.0004534260959189851,0.0001992629166353626
8,16789,0.00044188346873852424,0.00019926203361342768
8,16799,0.0003810640911979135,0.0001992611500648404
8,16809,0.00040749234904069453,0.00019926026598960552
8,16819,0.0004204784134344664,0.00019925938138772768
8,16829,0.0004315584053983912,0.00019925849625921155
8,16839,0.0003924461067072116,0.0001992576106040619
8,16849,0.0004377338060294278,0.00019925672442228334
8,16859,0.00042392937102704305,0.00019925583771388076
8,16869,0.0004525175900198519,0.00019925495047885868
8,16879,0.00042772167871589777,0.0001992540627172219
8,16889,0.00041821403428912165,0.00019925317442897507
8,16899,0.00044153870767331676,0.000199252285614123
8,16909,0.00037864296609768644,0.00019925139627267034
8,16919,0.000378317146532936,0.00019925050640462176
8,16929,0.00039034987930790526,0.00019924961600998199
8,16939,0.0004352050498710014,0.00019924872508875584
8,16949,0.0004294936981750652,0.00019924783364094794
8,16959,0.00037086751326569355,0.00019924694166656304
8,16969,0.00038610509582213124,0.00019924604916560598
8,16979,0.0003883037927153055,0.00019924515613808133
8,16989,0.00036467364552663636,0.00019924426258399391
8,16999,0.0003490443581540603,0.00019924336850334854
8,17009,0.00041485675974399787,0.00019924247389614983
8,17019,0.00038883684319444,0.00019924157876240252
8,17029,0.00039432690755347727,0.0001992406831021115
8,17039,0.00037304014695109804,0.00019923978691528145
8,17049,0.00036430849286261946,0.00019923889020191714
8,17059,0.00037373711093096067,0.00019923799296202335
8,17069,0.0003829734370810911,0.00019923709519560468
8,17079,0.0004516652552410961,0.00019923619690266606
8,17089,0.0003874057838402223,0.00019923529808321222
8,17099,0.0003803525047260337,0.00019923439873724793
8,17109,0.000371535868907813,0.0001992334988647779
8,17119,0.00040578806801931937,0.00019923259846580697
8,17129,0.00042665353612392215,0.00019923169754033988
8,17139,0.00041790526229306123,0.00019923079608838144
8,17149,0.0004140287077461835,0.00019922989410993636
8,17159,0.0003620124778535683,0.00019922899160500958
8,17169,0.00039340077200904493,0.00019922808857360575
8,17179,0.0003772416021092795,0.00019922718501572974
8,17189,0.00037828389249625614,0.0001992262809313863
8,17199,0.0003710677156050224,0.00019922537632058028
8,17209,0.000377978511096444,0.00019922447118331637
8,17219,0.000380726012372179,0.0001992235655195995
8,17229,0.00038894568715477364,0.00019922265932943432
8,17239,0.00034056264630635266,0.0001992217526128258
8,17249,0.00037480157843674535,0.00019922084536977866
8,17256,0.00039036449535550285,0.00019922020998641723
8,validation,0.0003395855233610478,0.00019922020998641723
9,17266,0.0003719587708474137,0.0001992193018484356
9,17276,0.0003755526486202143,0.00019921839318402828
9,17286,0.00043295648792991416,0.00019921748399320021
9,17296,0.0004345296496467199,0.0001992165742759562
9,17306,0.0003698772874486167,0.00019921566403230105
9,17316,0.0003972036000050139,0.0001992147532622396
9,17326,0.0003848417509288993,0.00019921384196577675
9,17336,0.0003890859181410633,0.00019921293014291727
9,17346,0.00044788436935050413,0.000199212017793666
9,17356,0.00042183307523373513,0.0001992111049180277
9,17366,0.00039528747802251016,0.0001992101915160073
9,17376,0.0004343788881669752,0.00019920927758760974
9,17386,0.00041234374002669934,0.0001992083631328397
9,17396,0.0004450649139471352,0.00019920744815170218
9,17406,0.0004581497320032213,0.00019920653264420197
9,17416,0.0003958655972382985,0.00019920561661034383
9,17426,0.000422886859450955,0.00019920470005013272
9,17436,0.00040517619418096724,0.0001992037829635734
9,17446,0.0004243298477376811,0.00019920286535067092
9,17456,0.0003877810107951518,0.0001992019472114301
9,17466,0.00038403921498684216,0.00019920102854585565
9,17476,0.00039042750504449943,0.00019920010935395264
9,17486,0.0004320023326727096,0.0001991991896357259
9,17496,0.00047665649981354363,0.00019919826939118027
9,17506,0.0004245689022354782,0.00019919734862032057
9,17516,0.0004711269219114911,0.00019919642732315178
9,17526,0.00042718418408185246,0.00019919550549967876
9,17536,0.0004070098431839142,0.00019919458314990635
9,17546,0.0003858543663227465,0.00019919366027383955
9,17556,0.0003819337987806648,0.00019919273687148324
9,17566,0.00036695823728223327,0.00019919181294284226
9,17576,0.0003641220522695221,0.00019919088848792152
9,17586,0.0003576422262995038,0.00019918996350672594
9,17596,0.0003717394691193477,0.00019918903799926046
9,17606,0.0003303849640360568,0.0001991881119655299
9,17616,0.0003497122786939144,0.00019918718540553929
9,17626,0.00044897112165926957,0.00019918625831929338
9,17636,0.0003980084096838254,0.00019918533070679723
9,17646,0.0004142167221289128,0.00019918440256805575
9,17656,0.00038821596608613613,0.00019918347390307384
9,17666,0.00038113166956463827,0.00019918254471185644
9,17676,0.00038626594614470376,0.0001991816149944084
9,17686,0.0003979166845965665,0.00019918068475073482
9,17696,0.00038381140038836744,0.00019917975398084042
9,17706,0.0004080678249010816,0.00019917882268473034
9,17716,0.00039886855447548444,0.00019917789086240943
9,17726,0.00036322047162684607,0.00019917695851388265
9,17736,0.00038762962358305234,0.00019917602563915496
9,17746,0.00039716875908197836,0.00019917509223823122
9,17756,0.00035060339068877506,0.00019917415831111645
9,17766,0.00035668181299115527,0.00019917322385781564
9,17776,0.00035896095723728647,0.00019917228887833367
9,17786,0.0003843800906906836,0.00019917135337267562
9,17796,0.00037007086793892083,0.00019917041734084635
9,17806,0.0003717599436640739,0.00019916948078285086
9,17816,0.00038418940093833955,0.00019916854369869406
9,17826,0.00038191708299564194,0.00019916760608838097
9,17836,0.0003641988034360111,0.00019916666795191654
9,17846,0.00036270291602704676,0.00019916572928930582
9,17856,0.00033806229184847326,0.00019916479010055374
9,17866,0.0004086169275979046,0.00019916385038566526
9,17876,0.0004016403210698627,0.00019916291014464537
9,17886,0.00036782182141905647,0.00019916196937749922
9,17896,0.0003800691651122179,0.00019916102808423153
9,17906,0.0005425434748758562,0.0001991600862648475
9,17916,0.0004470231004233938,0.00019915914391935202
9,17926,0.0004547303484287113,0.00019915820104775012
9,17936,0.0004830631885852199,0.00019915725765004677
9,17946,0.00044771333487005906,0.00019915631372624705
9,17956,0.00041111440295935606,0.00019915536927635598
9,17966,0.00038093299735919567,0.00019915442430037847
9,17976,0.0003798954261583276,0.00019915347879831955
9,17986,0.0003990028882981278,0.00019915253277018427
9,17996,0.00041273755632573737,0.0001991515862159777
9,18006,0.0003740450665645767,0.00019915063913570483
9,18016,0.00035721602907869967,0.00019914969152937063
9,18026,0.00038180808332981546,0.00019914874339698027
9,18036,0.0004631303236237727,0.0001991477947385386
9,18046,0.00040359102131333203,0.0001991468455540507
9,18056,0.0003814684896497056,0.00019914589584352164
9,18066,0.0003475251891359221,0.0001991449456069565
9,18076,0.0003634125176176894,0.0001991439948443603
9,18086,0.00034992386135854756,0.00019914304355573805
9,18096,0.0003670497128041461,0.00019914209174109478
9,18106,0.0003732291232154239,0.00019914113940043554
9,18116,0.0003911198356945533,0.0001991401865337654
9,18126,0.0003583225727197714,0.00019913923314108947
9,18136,0.0003836802483419888,0.00019913827922241273
9,18146,0.0003697221553011332,0.00019913732477774024
9,18156,0.0003946446195186581,0.00019913636980707717
9,18166,0.0003819337682216428,0.00019913541431042852
